"Date & Time","use [kWh]","gen [kWh]","Outlet #1 [kWh]","Outlet #2 [kWh]","Outlet #3 [kWh]","Outlet #4 [kWh]","Solar Power [kWh]","Generator Power [kWh]","Grid Power [kWh]","DC Outlets [kWh]","Battery Voltage [Vs]","AC Voltage [Vs]","AC Frequency [Hzs]","Ap Grid [kWh]","out4ap [kWh]","out3ap [kWh]","out2ap [kWh]","out1ap [kWh]"
2014-10-10 00:00:00,155.836229722,1104.620351111,592.254580556,68.832381944,389.454220556,198.438499167,1104.620351111,148.482468056,7.353761667,-345.617849722,1180139909105.000000000,7273177321503.000200000,3896819267351.999800000,-68.722364444,91.220215000,327.807463611,-109.143232500,525.177847778
2014-10-09 00:00:00,155.838928611,1101.371761667,592.236703889,68.810923056,389.437727500,196.410321944,1101.371761667,148.486776944,7.352151667,-344.786971111,1177910891074.000000000,7253267609140.000300000,3892498829110.000100000,-68.713176944,89.192038611,327.815741944,-109.145209167,525.184065833
2014-10-08 00:00:00,155.844630833,1096.538274167,590.494305556,67.901882222,385.967565278,194.975466111,1096.538274167,148.493695278,7.350935556,-343.960450833,1175682483316.999900000,7233364281097.999800000,3888178388266.000100000,-68.702077778,87.757409722,324.356060000,-110.040728056,523.454613333
2014-10-07 00:00:00,150.940253056,1091.420379444,587.123997500,66.934165000,382.573182222,193.910764167,1091.420379444,143.590082500,7.350170556,-343.092750278,1173390357565.000000000,7213711822739.000300000,3883860033424.999700000,-68.685557500,86.696176389,320.973066389,-110.996296111,520.092896389
2014-10-06 00:00:00,150.946596667,1088.190691111,585.888364722,66.635643333,380.160573333,192.297860278,1088.190691111,143.597575000,7.349021667,-342.256460000,1171062688023.000000000,7196772190866.999600000,3877120021446.999900000,-68.101468889,85.104720833,318.573248889,-111.278298889,518.871728611
2014-10-05 00:00:00,149.623651667,1085.986013889,585.166351667,66.531114444,379.547221667,190.417446944,1085.986013889,142.275501667,7.348150000,-341.406332500,1168794207817.000000000,7179477621753.000000000,3871116794031.000100000,-67.619716111,83.237772222,317.976373056,-111.370642778,518.164178611
2014-10-04 00:00:00,149.537649444,1082.338208889,584.093830833,66.088123333,378.498990556,188.904958056,1082.338208889,142.190712778,7.346936667,-340.577512500,1166542936107.999900000,7160044354184.000400000,3865979322720.999700000,-67.610791111,81.726019444,316.945741667,-111.803082778,517.104993889
2014-10-03 00:00:00,149.544918889,1077.823540833,580.092074167,65.761421111,376.362750833,187.905737778,1077.823540833,142.198913611,7.346005278,-339.733642222,1164231412485.000000000,7141860177149.000100000,3860250633163.999900000,-67.183275000,80.728832222,314.814407778,-112.103158056,513.110479167
2014-10-02 00:00:00,149.551581111,1074.728190833,580.079392500,64.962272500,373.781387778,186.665448611,1074.728190833,142.206444444,7.345136667,-338.893987778,1161926193729.999900000,7125069074126.000400000,3853539016725.999700000,-66.359094444,79.507624444,312.250806667,-112.888818333,513.119910556
2014-10-01 00:00:00,149.557740556,1070.944875556,579.169041944,64.531668333,370.196606667,185.304019167,1070.944875556,142.214010278,7.343730278,-338.070781111,1159671224845.000000000,7106636705368.000200000,3848138568205.999700000,-65.936396944,78.158271667,308.682531667,-113.303005833,512.231634722
2014-09-30 00:00:00,149.562911111,1065.656816944,577.929309167,63.719550278,367.344118333,184.164389444,1065.656816944,142.219847500,7.343063611,-337.240481667,1157385428453.000000000,7086732630473.999900000,3843818135275.999900000,-65.926943333,77.018827500,305.839651111,-114.103093056,511.011552500
2014-09-29 00:00:00,149.569394722,1061.905253611,576.757901389,62.673595278,363.933534444,183.340099444,1061.905253611,142.227030000,7.342364722,-336.369895833,1155042781774.999900000,7069829468811.999500000,3836831065740.000000000,-65.433067222,76.202311944,302.433959444,-115.138740000,509.859064444
2014-09-28 00:00:00,149.573320000,1056.686824444,576.158439444,62.395344444,363.918835833,182.322664167,1056.686824444,142.232644167,7.340675833,-335.539679444,1152741759308.999900000,7053011582530.000200000,3829892255281.999700000,-64.835200833,75.199336944,302.440852778,-115.392313056,509.277649444
2014-09-27 00:00:00,149.575645833,1052.427982222,575.466110833,62.094527222,363.901030278,180.942513611,1052.427982222,142.235933056,7.339712778,-334.758738056,1150501589045.999900000,7033112235278.999800000,3825571741492.999700000,-64.826986111,73.819406667,302.445516944,-115.678085278,508.601261389
2014-09-26 00:00:00,149.579473611,1048.129619444,573.167880278,61.952450278,361.514377500,180.162530000,1048.129619444,142.240629444,7.338844167,-334.019616111,1148277951598.999900000,7013212980736.000500000,3821251305447.999800000,-64.817635000,73.040182222,300.072429167,-115.802998056,506.312654722
2014-09-25 00:00:00,149.584835833,1043.803204444,570.735916389,61.574202778,358.949663333,179.326180000,1043.803204444,142.247208056,7.337627778,-333.206266389,1145995144484.000000000,6993308653381.999700000,3816930868533.999900000,-64.807128611,72.208886944,297.517079167,-116.167554167,503.889250556
2014-09-24 00:00:00,149.590796944,1039.187908611,570.272568889,60.576387778,354.448726111,178.978330833,1039.187908611,142.253690278,7.337106667,-332.339133611,1143656965910.000000000,6976400033472.000300000,3810121919753.999700000,-64.182160000,71.867623611,293.025253889,-117.156628333,503.443289722
2014-09-23 00:00:00,149.597546667,1034.551624167,568.760122222,59.597333889,350.731905833,178.527808333,1034.551624167,142.260839167,7.336707500,-331.468685556,1141365624940.000000000,6961139800058.000000000,3802006570699.999900000,-63.086584167,71.423534444,289.310824722,-118.128344444,501.937227778
2014-09-22 00:00:00,149.603241389,1030.261028333,568.744694722,58.661554167,346.739810278,177.895557778,1030.261028333,142.267399167,7.335842222,-330.652971667,1139135989415.999900000,6942015815852.999600000,3797112142215.999900000,-62.871499444,70.793004167,285.320294167,-119.050851389,501.945786944
2014-09-21 00:00:00,149.607413333,1025.186465556,568.726768889,58.642491667,343.652726667,177.483293056,1025.186465556,142.272538333,7.334875000,-329.838808333,1136880362841.999900000,6922108872642.999800000,3792791708600.000100000,-62.861620000,70.381430556,282.237450833,-119.048752778,501.950531389
2014-09-20 00:00:00,149.614735000,1021.561570556,568.714734167,57.803499167,338.492698056,177.006935833,1021.561570556,142.280530556,7.334204444,-328.980041944,1134601961967.000000000,6905651604476.000000000,3785736571341.999700000,-62.137740833,69.910555556,277.097202778,-119.876471389,501.961287222
2014-09-19 00:00:00,149.619901389,1016.438171944,568.700790278,56.757390556,335.441499167,176.796191944,1016.438171944,142.286425833,7.333475556,-328.154299444,1132373328896.999900000,6888200374444.999600000,3779087093758.000100000,-61.768085278,69.708743889,274.062188333,-120.913372222,501.968504722
2014-09-18 00:00:00,149.625198889,1011.524691111,568.683718611,55.779548611,331.450844722,176.240780000,1011.524691111,142.292493333,7.332705556,-327.332475000,1130163550186.000000000,6868302062437.000200000,3774766653687.999800000,-61.757799167,69.158469722,270.071533889,-121.879408333,501.976468056
2014-09-17 00:00:00,149.630965000,1006.171038889,568.667990000,54.900411111,326.715793333,175.546175833,1006.171038889,142.299081111,7.331883889,-326.523838889,1127937308325.999900000,6848399508249.000300000,3770446215001.999700000,-61.747125278,68.464185000,265.336507500,-122.744584444,501.987259167
2014-09-16 00:00:00,149.636072222,1001.540654167,568.209958056,54.882915278,322.182264444,174.682609444,1001.540654167,142.305444167,7.330628056,-325.697904722,1125682731895.000000000,6828499300779.999400000,3766125779225.000100000,-61.736530556,67.602395278,260.802978611,-122.738440278,501.551601667
2014-09-15 00:00:00,149.641124444,996.843798611,568.083941389,54.859473333,318.561487778,174.294859167,996.843798611,142.311175000,7.329949444,-324.831794722,1123373863187.000000000,6814204065413.999500000,3756057943158.000100000,-61.204351111,67.236709722,257.184350556,-122.747388889,501.444128056
2014-09-14 00:00:00,149.644909167,991.084843056,566.068434444,54.424737222,318.164310278,173.844364722,991.084843056,142.316291667,7.328617500,-324.057686389,1121132479033.000000000,6794702124715.000300000,3751384011722.999800000,-61.131980833,66.791614167,256.805715833,-123.169718333,499.437257222
2014-09-13 00:00:00,149.649984444,985.729092500,565.106963333,54.261245556,313.724889722,173.526584444,985.729092500,142.322555556,7.327428889,-323.299627222,1118914534523.999900000,6774835525197.999400000,3747037456588.000000000,-61.119552222,66.480358611,252.368108611,-123.312918333,498.492554722
2014-09-12 00:00:00,149.654893889,980.608908056,564.720400278,53.888835000,308.893158889,173.398017500,980.608908056,142.328648333,7.326245556,-322.479247500,1116677447985.000000000,6754936279034.999600000,3742717019789.000100000,-61.109003611,66.357203056,247.536377778,-123.666587778,498.129391667
2014-09-11 00:00:00,149.659891389,975.571974722,564.264988333,53.852997778,305.003325000,173.288271944,975.571974722,142.334494722,7.325396667,-321.640071944,1114427723747.999900000,6735037405674.999900000,3738396581880.000200000,-61.098763889,66.254845000,243.646543889,-123.687420833,497.688677500
2014-09-10 00:00:00,149.666333889,970.659023056,561.107164444,53.624675556,301.474593056,173.201052222,970.659023056,142.341838611,7.324495278,-320.802776111,1112179735531.000000000,6715139855730.999700000,3734076146886.000000000,-61.087473333,66.177449167,240.117915833,-123.896478056,494.531524722
2014-09-09 00:00:00,149.670758333,967.280120000,560.010992222,53.144170556,299.058725278,173.142766944,967.280120000,142.348056111,7.322702222,-319.955663333,1109885613621.000000000,6695225064910.000500000,3729755705774.000200000,-61.077071111,66.135081667,237.707836389,-124.362360000,493.451211667
2014-09-08 00:00:00,149.676355000,962.896589444,557.427134167,53.124919722,296.798698611,173.117087222,962.896589444,142.354858333,7.321496667,-319.117692222,1107585221492.999900000,6675329067670.999700000,3725435266739.000000000,-61.066859167,66.124925833,235.458905000,-124.360210556,490.873840556
2014-09-07 00:00:00,149.680875000,958.784890000,554.712421944,53.091531111,296.780586667,173.087465833,958.784890000,142.360944167,7.319930833,-318.283540556,1105242242618.999900000,6655438141842.999400000,3721114832505.000200000,-61.057735278,66.110732222,235.463011667,-124.374497778,488.159166111
2014-09-06 00:00:00,149.686817500,955.471776667,552.814584444,53.075918611,293.343993889,173.074948333,955.471776667,142.368408611,7.318408889,-317.410905556,1102876510797.999900000,6639053618762.999700000,3711575681604.999800000,-60.917473611,66.124692778,232.037701111,-124.369087778,486.263389444
2014-09-05 00:00:00,149.693949167,954.182981111,551.182467778,53.063740556,290.656984444,173.064769167,954.182981111,142.376133611,7.317815556,-316.495881944,1100540894825.000000000,6625465147038.999700000,3700401649761.999800000,-60.294745278,66.137302500,229.357118889,-124.365282778,484.633836389
2014-09-04 00:00:00,149.700259167,952.272057222,549.606982778,53.033530833,289.301928333,173.042537222,952.272057222,142.384345278,7.315913889,-315.599865556,1098161471254.000000000,6609318102138.999700000,3692674151389.999900000,-59.700956389,66.135844722,228.013922778,-124.377898056,483.071187778
2014-09-03 00:00:00,149.707226389,949.339475833,549.004110278,53.025724167,289.057180833,173.036998333,949.339475833,142.391616389,7.315610000,-314.761245556,1095859989952.999900000,6603577672553.000400000,3669188602146.000200000,-58.478245278,66.145186667,227.782378611,-124.380578611,482.473851111
2014-09-02 00:00:00,149.709497222,946.814250556,545.564946944,53.000457778,289.040074444,173.017561667,946.814250556,142.395174167,7.314323056,-314.094240000,1093682731580.000000000,6583689449535.000300000,3664868175688.999800000,-58.470906944,66.144976389,227.786430000,-124.387850000,479.034753056
2014-09-01 00:00:00,149.712140833,942.785852222,542.706055556,52.977862222,289.022992222,172.998437778,942.785852222,142.398606667,7.313534167,-313.348158889,1091475304422.000000000,6563798061482.000300000,3660547752264.000100000,-58.464718611,66.145006111,227.789841111,-124.392650833,476.175938056
2014-08-31 00:00:00,149.714743611,938.128085556,539.948803056,52.956958611,289.005542222,172.979079167,938.128085556,142.402253611,7.312490000,-312.577384167,1089264999792.000000000,6543913653400.000300000,3656227327756.000100000,-58.458290278,66.145148611,227.793161389,-124.395495833,473.418691389
2014-08-30 00:00:00,149.716443889,935.037411944,537.421422778,52.935467500,288.987404722,172.959370833,935.037411944,142.405553889,7.310890000,-311.859107778,1087063898549.000000000,6524027309627.000000000,3651906904265.000200000,-58.451745833,66.145216389,227.795775000,-124.398365278,470.891382778
2014-08-29 00:00:00,149.719394444,930.834278611,534.199537222,52.914686111,288.970187778,172.940191944,930.834278611,142.409377778,7.310016667,-311.145458056,1084857809337.999900000,6504143545453.000000000,3647586478339.999900000,-58.444631667,66.145137778,227.798907500,-124.401352778,467.669498333
2014-08-28 00:00:00,149.720849167,927.493601667,531.273973056,52.891795556,288.951218333,172.919429444,927.493601667,142.412823333,7.308025833,-310.372100833,1082646839932.000000000,6484252874090.000300000,3643266050070.999800000,-58.437783611,66.145220556,227.801861944,-124.404772500,464.744018611
2014-08-27 00:00:00,149.722134167,923.430572500,528.295367222,52.869600556,288.240584722,172.898220000,923.430572500,142.415926389,7.306207778,-309.543900000,1080425755271.999900000,6464366907335.000000000,3638945624595.999700000,-58.431211389,66.145184722,227.108506389,-124.406231667,461.769306667
2014-08-26 00:00:00,149.725121944,919.255782222,524.804496667,52.848939722,288.219941944,172.877748056,919.255782222,142.419675833,7.305446111,-308.704478333,1078195508420.999900000,6444489041924.999900000,3634625197172.999900000,-58.424261944,66.142332778,227.104586944,-124.408835833,458.278438333
2014-08-25 00:00:00,149.726910556,917.632238333,521.806448611,52.827215556,287.095649167,172.850041944,917.632238333,142.423659722,7.303250833,-307.861760833,1075975758154.000000000,6424610403301.999500000,3630304768858.000000000,-58.417245000,66.133220000,225.995469722,-124.409457222,455.280565833
2014-08-24 00:00:00,149.728303889,913.692447778,518.751740556,52.804424722,287.072031111,172.829499167,913.692447778,142.426817222,7.301486667,-307.033582222,1073698581968.999900000,6404723279285.000500000,3625984340978.999700000,-58.411076389,66.134730556,225.990376389,-124.411522222,452.225864167
2014-08-23 00:00:00,149.730336389,908.526125278,515.834532778,52.784113889,284.487156111,172.809792222,908.526125278,142.430689444,7.299646944,-306.200670556,1071423723403.999900000,6384834622388.999400000,3621663916771.000000000,-58.403667222,66.137365000,223.419677500,-124.408707500,449.308823889
2014-08-22 00:00:00,149.731870000,904.558221389,513.555355556,52.762842222,283.769584722,172.769385833,904.558221389,142.433456667,7.298413333,-305.375573889,1069122097461.999900000,6364939507835.999700000,3617343494782.999700000,-58.397395000,66.111390556,222.719557222,-124.409579167,447.040940833
2014-08-21 00:00:00,149.733282222,900.154675000,510.892685000,52.741283889,283.749556111,172.748493889,900.154675000,142.436370000,7.296912222,-304.551870000,1066810071280.000000000,6345042516664.999700000,3613023070687.000100000,-58.391508056,66.110586111,222.719187222,-124.411505278,444.378328889
2014-08-20 00:00:00,149.734782222,895.983604167,508.429493889,52.719851667,283.375260000,172.718888056,895.983604167,142.439395000,7.295387222,-303.725745278,1064503972155.999900000,6325147548382.999800000,3608702644265.999700000,-58.385644444,66.095089167,222.363784444,-124.412941944,441.915465833
2014-08-19 00:00:00,149.735611111,891.039429722,505.834317778,52.697054167,283.354352222,172.689227778,891.039429722,142.442449722,7.293161389,-302.901707778,1062191367145.999900000,6305257151660.000000000,3604382217067.999800000,-58.379641389,66.081025000,222.363947222,-124.415074167,439.320366111
2014-08-18 00:00:00,149.736511111,886.774801667,503.282602778,52.673639722,283.333060000,172.663074444,886.774801667,142.445686944,7.290824167,-302.068348056,1059888855662.000000000,6285369685777.000100000,3600061787149.000100000,-58.373620000,66.072828889,222.364153889,-124.417503333,436.768891389
2014-08-17 00:00:00,149.736329167,882.605069444,500.440217778,52.649283333,283.310863333,172.635865556,882.605069444,142.449085833,7.287243333,-301.236263333,1057589340976.999900000,6265484322116.999600000,3595741359887.999800000,-58.367895833,66.064816667,222.364688611,-124.419636389,433.926511111
2014-08-16 00:00:00,149.737757222,877.458844722,497.739279167,52.626011944,283.289941389,172.609942778,877.458844722,142.452654722,7.285102500,-300.405610278,1055286409742.999900000,6245598215326.999400000,3591420938183.000000000,-58.361647222,66.056722222,222.365179444,-124.422279722,431.225625000
2014-08-15 00:00:00,149.738390556,872.618386111,494.927672778,52.602688611,283.268892222,172.583193611,872.618386111,142.455631944,7.282758611,-299.569241111,1052997011354.999900000,6225713439549.000200000,3587100512336.000200000,-58.356181111,66.047379444,222.365743056,-124.424743333,428.414204167
2014-08-14 00:00:00,149.739651944,867.039906944,492.203403611,52.469060833,283.249204722,172.546306667,867.039906944,142.458779167,7.280872778,-298.730088056,1050712168496.000000000,6205820581272.000000000,3582780087246.999700000,-58.349769444,66.025335833,222.366500278,-124.541838889,425.692198333
2014-08-13 00:00:00,149.741627222,864.109037222,488.702863611,52.446660833,283.229493611,172.517641389,864.109037222,142.462268056,7.279359167,-297.890143333,1048449731853.999900000,6185935371103.999600000,3578459663907.999900000,-58.342388333,66.012068889,222.367669444,-124.544427778,422.191676944
2014-08-12 00:00:00,149.742850833,859.253794167,486.337215000,52.424347778,283.209228889,172.488929167,859.253794167,142.465349167,7.277501667,-297.063473889,1046157549939.000000000,6166044814155.000400000,3574139238169.999700000,-58.336052500,65.998937778,222.367738889,-124.547154444,419.826488611
2014-08-11 00:00:00,149.745976944,854.605658333,482.739917500,52.404464167,282.800987500,172.460086111,854.605658333,142.469013056,7.276963889,-296.224008056,1043882132782.000000000,6146164659041.999500000,3569818809664.000200000,-58.328768333,65.983211111,221.977794167,-124.548985833,416.229191111
2014-08-10 00:00:00,149.747179167,851.910129722,480.201083889,52.382653611,282.781486944,172.423986111,851.910129722,142.472114722,7.275064444,-295.389863611,1041600229051.000000000,6126269694598.000000000,3565498382118.999900000,-58.322168889,65.959862222,221.978565556,-124.551517222,413.690390833
2014-08-09 00:00:00,149.749028889,847.431655556,478.259330833,52.361795000,282.762735000,172.399139444,847.431655556,142.474728333,7.274300556,-294.556915833,1039299268096.999900000,6106372212124.999700000,3561177958317.000200000,-58.315826111,65.949366667,221.978866111,-124.554450278,411.748730556
2014-08-08 00:00:00,149.750960278,842.807525556,475.825736111,51.973615833,282.744000833,172.374743333,842.807525556,142.477788333,7.273171944,-293.719376111,1037018393354.000000000,6086464171617.000100000,3556857530971.000100000,-58.309433889,65.944061389,221.979692500,-124.926779167,409.315194444
2014-08-07 00:00:00,149.754624167,840.319835833,470.557376944,51.538225833,282.294236667,172.358590000,840.319835833,142.482134444,7.272489722,-292.888088889,1034747834344.999900000,6066549413273.999600000,3552537106279.000000000,-58.301641389,65.951925278,221.548197500,-125.346023611,404.046835278
2014-08-06 00:00:00,149.758052222,838.140562778,468.266936111,51.520699167,280.476258333,172.343159722,838.140562778,142.487460000,7.270592222,-292.010210833,1032375438198.000000000,6050682127856.999600000,3544284440415.999800000,-57.648400278,65.966866944,219.754990000,-125.343973333,401.765089444
2014-08-05 00:00:00,149.762571667,833.923679722,465.960490000,51.507361944,278.665099722,172.329436389,833.923679722,142.492739722,7.269831944,-291.169075833,1030093139833.000000000,6037075268859.000200000,3534105137146.999800000,-56.669730000,65.978551389,217.974033333,-125.343063889,399.460781111
2014-08-04 00:00:00,149.765485278,829.670914722,462.216826944,51.478354722,276.975236389,172.293303611,829.670914722,142.496773611,7.268711667,-290.312568889,1027856330449.000000000,6017184719118.000200000,3529784697982.000100000,-56.662655556,65.954836111,216.300230833,-125.352390000,395.717118056
2014-08-03 00:00:00,149.766666944,826.657466389,459.987711389,51.339983056,276.956082222,172.240194722,826.657466389,142.499432222,7.267234722,-289.455858333,1025579998518.999900000,5997284203459.000500000,3525464259401.999700000,-56.656427500,65.910901389,216.301282222,-125.473323333,393.496275556
2014-08-02 00:00:00,149.767362500,823.015028056,459.855410000,51.317521944,276.936460556,172.190446667,823.015028056,142.501428889,7.265933611,-288.605026944,1023301878659.999900000,5977373569569.000000000,3521143819452.999800000,-56.650623889,65.875004444,216.301501111,-125.477297778,393.384120833
2014-08-01 00:00:00,149.768077222,819.265129444,459.704320833,50.326133333,276.631128611,171.998860833,819.265129444,142.503648611,7.264428611,-287.751504722,1021049284962.999900000,5957461060777.000100000,3516823382943.000100000,-56.644331111,65.689575833,216.014274444,-126.460096389,393.253630000
2014-07-31 00:00:00,149.768830278,814.892083611,459.611608889,49.798759167,275.867748333,171.756766667,814.892083611,142.506015278,7.262815000,-286.907501111,1018801290446.999900000,5937678237762.000500000,3512214882131.000100000,-56.635651667,65.449097500,215.270549444,-126.974002222,393.184361944
2014-07-30 00:00:00,149.770376111,811.033783056,458.779208056,48.408837500,275.513634444,171.251950278,811.033783056,142.508888333,7.261487778,-286.091752500,1016572974197.999900000,5918984287723.000000000,3505999610486.999700000,-56.554302500,64.947343611,214.929123056,-128.359831389,392.372568333
2014-07-29 00:00:00,149.773208056,807.058153611,457.003132222,47.940205278,272.952248333,171.030147778,807.058153611,142.512674167,7.260533889,-285.360672222,1014368758094.000000000,5899085057546.000400000,3501679172556.999900000,-56.547006389,64.726774167,212.381329444,-128.813806667,390.610300000
2014-07-28 00:00:00,149.773993056,802.829678611,454.269871667,46.624514167,270.229993889,170.846550556,802.829678611,142.517247778,7.256745278,-284.535690000,1012139033764.999900000,5879227744550.000400000,3497315193342.999800000,-56.539288889,64.548760556,209.674289167,-130.120856111,387.891690000
2014-07-27 00:00:00,149.775524167,798.682705556,453.006285278,46.186116667,270.208695278,170.468908333,798.682705556,142.519448056,7.256076111,-283.628958056,1009860805867.999900000,5859321371152.000400000,3492994756949.999900000,-56.532517778,64.173621389,209.669567222,-130.548655000,386.642041389
2014-07-26 00:00:00,149.776459722,794.976065000,451.683408056,45.939446111,270.186799444,169.901743333,794.976065000,142.521711389,7.254748333,-282.720140000,1007589449414.000000000,5839415371723.999900000,3488674319431.999900000,-56.526070833,63.610321111,209.665133889,-130.781687222,385.329930556
2014-07-25 00:00:00,149.777881111,792.921315556,451.667386944,44.637510556,270.167842222,169.726148611,792.921315556,142.523972500,7.253908611,-281.805601667,1005332742639.999900000,5821264272996.000000000,3482742298046.000000000,-56.393212778,63.440872222,209.661653333,-132.074733333,385.333761111
2014-07-24 00:00:00,149.781312500,791.258851667,448.637908056,42.961995556,268.726914167,169.563279167,791.258851667,142.528347500,7.252965000,-280.884501389,1003097110361.000000000,5801366707005.000100000,3478421874413.999900000,-56.385305278,63.279583333,208.233426111,-133.747456389,382.314713611
2014-07-23 00:00:00,149.782528333,787.524925833,448.620537222,41.880182500,267.169594444,169.466663056,787.524925833,142.531419444,7.251108889,-280.058965556,1000787013803.000000000,5781452233682.999600000,3474101451758.999800000,-56.378735833,63.190120833,206.688695278,-134.820444722,382.321923333
2014-07-22 00:00:00,149.786132500,783.889135556,448.605624722,40.624437500,264.012909722,169.196307222,783.889135556,142.536023333,7.250109167,-279.294083333,998471287003.000020000,5761591964249.999500000,3469724011248.000200000,-56.365361389,62.920561111,203.543098333,-136.071881389,382.333052778
2014-07-21 00:00:00,149.787513333,781.804876944,448.372253056,40.068435833,263.992343333,168.920673056,781.804876944,142.539665833,7.247847500,-278.691727500,996128748332.999940000,5741678925326.999400000,3465403576970.999800000,-56.359151389,62.649196667,203.542980833,-136.617394444,382.122307500
2014-07-20 00:00:00,149.791050278,778.413984444,445.871981389,39.600650556,263.971718333,168.538176389,778.413984444,142.544496389,7.246553889,-278.094042778,993785660045.999880000,5721775152858.999900000,3461083141263.999900000,-56.351966111,62.267240556,203.542801944,-137.071408333,379.633845000
2014-07-19 00:00:00,149.795096944,776.879103889,444.933017500,39.247407500,262.908733611,168.117100000,776.879103889,142.549514444,7.245582500,-277.474501944,991403535787.000060000,5705575813209.999700000,3452306305293.999900000,-56.115140000,61.855266667,202.492920833,-137.404536389,378.706915000
2014-07-18 00:00:00,149.799666667,773.066991111,443.097703333,38.815431667,260.489377222,167.968656944,773.066991111,142.555163056,7.244503611,-276.582258333,989021943677.000040000,5690493478902.000100000,3443085268578.000000000,-55.611015833,61.720660000,200.083048889,-137.824023333,376.880529722
2014-07-17 00:00:00,149.803123611,770.057308056,441.378249167,38.013757222,259.228118889,167.917739444,770.057308056,142.559830000,7.243293611,-275.716842500,986697479876.000040000,5679842691203.000500000,3429723678687.000200000,-54.828865000,61.690226389,198.868961111,-138.609757222,375.170625000
2014-07-16 00:00:00,149.808357222,767.013466111,439.129672500,36.897783611,256.443278056,167.786273333,767.013466111,142.565720278,7.242636944,-274.864326111,984375692235.000010000,5664308509855.999900000,3421638111829.000100000,-54.314054722,61.569437778,196.095201111,-139.710481389,372.935061389
2014-07-15 00:00:00,149.812337500,762.674830556,437.784280833,36.020601667,252.948013889,167.764760000,762.674830556,142.570617500,7.241720000,-274.002541667,982117724192.000030000,5651282711540.000400000,3410596544882.000000000,-53.654233333,61.581895833,192.612966667,-140.572313056,371.597587500
2014-07-14 00:00:00,149.816072500,758.988890000,436.446000556,35.254373333,250.018435833,167.661188333,758.988890000,142.575271667,7.240800833,-273.193334444,979893404220.000020000,5636892959244.999800000,3400965081570.000000000,-53.166835833,61.511644167,189.695049167,-141.329135833,370.284681667
2014-07-13 00:00:00,149.817413611,755.100948611,434.420483611,34.381964167,249.995935833,167.100947778,755.100948611,142.578388889,7.239024722,-272.395496111,977671234981.999990000,5616988406081.999500000,3396644646725.999700000,-53.159984167,60.956661667,189.692518333,-142.187273611,368.266614444
2014-07-12 00:00:00,149.820314444,750.791847500,432.569911667,34.327310556,248.321883889,166.321055278,750.791847500,142.582198056,7.238116389,-271.498094722,975442748895.000100000,5597090522014.000400000,3392324207943.000100000,-53.151998889,60.176909722,188.034164722,-142.224540556,366.420380000
2014-07-11 00:00:00,149.823265000,746.895894444,432.536279722,33.761341944,244.189171111,166.029996944,746.895894444,142.586365556,7.236899444,-270.606561389,973206347713.999980000,5579983391820.000400000,3385583407031.999800000,-52.931576111,59.901298333,183.909976111,-142.779133056,366.410447222
2014-07-10 00:00:00,149.826330556,744.671619167,429.319341667,32.890198056,242.398938056,165.417761667,744.671619167,142.590993056,7.235337500,-269.692237500,970982465404.000040000,5560095772604.999500000,3381262972200.999800000,-52.923891667,59.291457500,182.125496111,-143.636292500,363.205394167
2014-07-09 00:00:00,149.829115278,741.769401111,429.302872500,32.737898056,241.024906111,164.591665278,741.769401111,142.594225833,7.234889444,-268.791167778,968683627246.999970000,5540193721818.000000000,3376942534078.999700000,-52.917197778,58.468325278,180.764401389,-143.770210556,363.212289167
2014-07-08 00:00:00,149.830969722,739.102581389,428.172149444,32.436321111,241.006016667,163.810321944,739.102581389,142.597115833,7.233853889,-267.908625556,966374853268.000000000,5520286658776.999700000,3372622099465.000000000,-52.911052500,57.687513611,180.765521111,-144.054602778,362.100721667
2014-07-07 00:00:00,149.833638611,734.682458056,428.151241389,31.715119722,239.246253889,163.276731111,734.682458056,142.600583611,7.233055000,-267.014864722,964052546340.999960000,5500381785504.000100000,3368288508493.000200000,-52.904518889,57.154710833,179.021433611,-144.762246111,362.104071667
2014-07-06 00:00:00,149.834680000,732.196458056,428.134000000,31.694139444,239.227380278,161.782500000,732.196458056,142.603136667,7.231543333,-266.105127222,961737811733.000040000,5480470216607.999800000,3363968073621.000000000,-52.898484722,55.660778611,179.023127222,-144.764129722,362.110574444
2014-07-05 00:00:00,149.836171667,727.993774167,426.648045000,31.671544444,239.206849722,160.490334167,727.993774167,142.606768056,7.229403611,-265.205933889,959409697296.999930000,5460557939810.999600000,3359647636373.999700000,-52.892180000,54.368730833,179.024812500,-144.765127500,360.636671111
2014-07-04 00:00:00,149.838337778,724.055436111,426.631888611,31.652442778,236.777013611,159.588349444,724.055436111,142.610268611,7.228069167,-264.303626667,957089397949.000000000,5440648323619.999800000,3355327200304.999900000,-52.885610278,53.470288611,176.605868889,-144.762626667,360.645654167
2014-07-03 00:00:00,149.839718889,719.921341111,426.613970556,31.631452222,235.170421111,158.704963611,719.921341111,142.613451389,7.226267500,-263.398323056,954754518453.000060000,5420739820185.999800000,3351006764804.999800000,-52.879960000,52.587305556,175.006778889,-144.761613889,360.653445278
2014-07-02 00:00:00,149.841115556,717.740473056,426.595549722,31.610139722,233.289487500,157.918178889,717.740473056,142.616709444,7.224406111,-262.493229722,952424973987.999910000,5400827537012.000000000,3346686329038.000100000,-52.873539722,51.804091667,173.139968611,-144.759968056,360.661325000
2014-07-01 00:00:00,149.843763056,716.711154167,426.580480000,31.592533611,232.419138056,157.224364167,716.711154167,142.620717500,7.223045556,-261.609119444,950036140579.000110000,5384921419995.000300000,3337986711141.999900000,-52.551372222,51.121508333,172.309111667,-144.759903611,360.668989722
2014-06-30 00:00:00,149.848761667,712.680086944,425.754158056,31.579204167,229.031536111,156.644295556,712.680086944,142.626292222,7.222469444,-260.983751667,947691345830.999970000,5369271800776.000000000,3329614254671.999800000,-52.082745833,50.554568333,168.965972500,-144.755247778,359.859415556
2014-06-29 00:00:00,149.850809722,709.283805833,424.943499722,31.558366944,229.013153333,156.291116389,709.283805833,142.629031667,7.221778056,-260.276571944,945359989074.000000000,5349358696660.000000000,3325291924671.999800000,-52.076423889,50.216824167,168.967103611,-144.757709444,359.058230833
2014-06-28 00:00:00,149.850802222,705.355017222,424.668385278,31.535093056,228.992801389,156.112564444,705.355017222,142.630987778,7.219814444,-259.412056944,943047591785.000080000,5329440068992.999700000,3320971501797.999700000,-52.070759444,50.069309167,168.967880833,-144.761162500,358.790630278
2014-06-27 00:00:00,149.853539722,701.045908611,424.192241667,31.517057222,225.349780000,155.690558333,701.045908611,142.634757222,7.218782500,-258.541232778,940771201991.999980000,5309529628658.999800000,3316651074510.999900000,-52.063989444,49.647865833,165.332691389,-144.756906389,358.327222500
2014-06-26 00:00:00,149.856880278,697.123815000,423.398590556,31.498620556,223.038154167,155.187495556,697.123815000,142.638969444,7.217910833,-257.649296389,938479198391.999950000,5293934739733.999900000,3308774501327.000200000,-51.554055833,49.153647500,163.123591944,-144.759047222,357.537239722
2014-06-25 00:00:00,149.859243056,692.962136389,423.296069722,30.537351111,220.648246389,154.625728889,692.962136389,142.642357500,7.216885556,-256.778563611,936221407478.000040000,5274037343647.999700000,3304454068338.999700000,-51.546741389,48.597330833,160.748353333,-145.709032778,357.453293611
2014-06-24 00:00:00,149.861461389,689.643880556,421.064708056,29.709684722,219.491971111,154.177346667,689.643880556,142.646281667,7.215179722,-255.900166389,933946562104.000090000,5255811416072.999800000,3298594129646.000200000,-51.403446667,48.156010278,159.617690000,-146.512088333,355.234358333
2014-06-23 00:00:00,149.867144722,685.176533889,420.410154722,28.437915833,216.378941111,153.856038056,685.176533889,142.653411944,7.213732778,-255.078221111,931649141289.999960000,5235903844042.999700000,3294273695130.000100000,-51.393842778,47.845826111,156.519216944,-147.776537778,354.608335833
2014-06-22 00:00:00,149.873708889,682.932471667,420.391710833,28.224314444,216.359621944,153.840156944,682.932471667,142.660392500,7.213316389,-254.289718611,929320469437.999960000,5215992288252.000200000,3289953258425.999800000,-51.384667778,47.865886389,156.523429167,-147.980388889,354.616872500
2014-06-21 00:00:00,149.878477500,679.830669444,420.370821944,28.113435278,216.133999444,153.827529722,679.830669444,142.666885278,7.211592222,-253.497111389,927008065720.999950000,5196085223598.999900000,3285632821425.999900000,-51.375557500,47.895023889,156.322911111,-148.077601389,354.624950556
2014-06-20 00:00:00,149.888035278,678.725808611,415.138743333,28.004984444,216.119256944,153.800154167,678.725808611,142.676811389,7.211223889,-252.704599167,924665179986.000060000,5180124114865.999800000,3277761996225.000000000,-50.967710833,47.904653056,156.327191111,-148.177115278,349.405953611
2014-06-19 00:00:00,149.895453333,676.356278889,415.126305278,26.895686389,213.646270000,153.506787778,676.356278889,142.685022500,7.210430833,-251.925361389,922355513674.000020000,5165788815911.999900000,3268425651406.000200000,-50.411706389,47.630651667,153.867340833,-149.276603611,349.420419722
2014-06-18 00:00:00,149.902976389,671.609375833,412.266631667,25.925021389,211.475208056,153.034043611,671.609375833,142.693407778,7.209568611,-251.151900000,920065059637.000080000,5145890426493.999900000,3264105231093.000100000,-50.400458611,47.159064444,151.712799444,-150.235218611,346.572646389
2014-06-17 00:00:00,149.908928889,667.059230833,412.248659167,24.829935833,209.494323056,152.819060833,667.059230833,142.700442500,7.208486389,-250.360048333,917741028115.000000000,5125985579097.999900000,3259784808276.000000000,-50.389915833,46.961398889,149.747306111,-151.321790278,346.586041944
2014-06-16 00:00:00,149.914084722,664.087980278,412.232758333,23.701710278,207.350350000,152.507310000,664.087980278,142.706450000,7.207634722,-249.505324444,915426188805.999990000,5106080656054.999800000,3255464383820.000200000,-50.380668333,46.659536111,147.617894167,-152.446834167,346.599025278
2014-06-15 00:00:00,149.918886944,660.942253333,411.127703889,23.508362500,207.331327500,152.318096111,660.942253333,142.712038889,7.206848056,-248.652385278,913078405044.000020000,5086168270350.000200000,3251143960188.000200000,-50.372490000,46.498309722,147.621184722,-152.638536111,345.511232222
2014-06-14 00:00:00,149.922344722,658.699763611,409.308594722,23.418443889,207.308910000,152.237896667,658.699763611,142.717934722,7.204410000,-247.806958611,910742347837.999930000,5066248045630.999800000,3246823539286.000100000,-50.363955833,46.439753333,147.623711111,-152.711447778,343.708806944
2014-06-13 00:00:00,149.927824167,657.005472222,409.296271389,22.383145000,205.718032778,152.134316111,657.005472222,142.724179167,7.203645000,-246.904014722,908357605074.000000000,5050835003920.000100000,3236903142739.999800000,-50.144936944,46.352850556,146.043911944,-153.737102778,343.722275278
2014-06-12 00:00:00,149.934316944,653.366655833,406.074632222,21.613279722,204.751829722,151.848422500,653.366655833,142.731647500,7.202669444,-246.042106667,906018631838.999980000,5036325384272.999700000,3226878228472.999900000,-49.672675556,46.092151667,145.091129722,-154.500137778,340.513469167
2014-06-11 00:00:00,149.939814167,649.727498889,406.058841667,20.553310833,203.711228333,151.531915278,649.727498889,142.737589167,7.202225000,-245.191371111,903678339054.999940000,5016410794010.999700000,3222557791284.999800000,-49.663772222,45.796053611,144.063997778,-155.558177222,340.525291389
2014-06-10 00:00:00,149.945719722,646.847958333,406.044734444,19.945091389,201.920656944,150.941524722,646.847958333,142.744306944,7.201412778,-244.329440556,901324042256.999960000,4998839020881.999700000,3215683117185.999700000,-49.551751111,45.215760833,142.287863889,-156.160790556,340.537580833
2014-06-09 00:00:00,149.950170556,645.990655278,406.028957500,19.802905833,201.903938611,150.804188333,645.990655278,142.749806389,7.200364167,-243.470331944,898968349045.000070000,4982073093592.000000000,3207845879865.999800000,-49.358850556,45.099398889,142.290188889,-156.275438889,340.545454722
2014-06-08 00:00:00,149.954398889,644.328237778,405.210698056,19.644945833,201.884235556,150.696205833,644.328237778,142.755277222,7.199121667,-242.617893333,896644142146.999950000,4962161348780.000200000,3203525442748.000000000,-49.350203889,45.025907778,142.293579444,-156.428436389,339.748168889
2014-06-07 00:00:00,149.958193611,641.909074167,405.192811944,19.571675278,201.865249167,150.504596667,641.909074167,142.760160556,7.198033056,-241.765200278,894303685714.999910000,4942246728058.000200000,3199205008798.999700000,-49.342564444,44.871906111,142.296614444,-156.496463611,339.755554167
2014-06-06 00:00:00,149.962233611,638.006527500,405.174907500,19.504947778,201.846090833,150.260172500,638.006527500,142.765000833,7.197232778,-240.911704722,891974448325.000040000,4922334508759.999800000,3194884550631.999900000,-49.334741111,44.645426111,142.299076944,-156.554978611,339.762405833
2014-06-05 00:00:00,149.965954722,633.262620833,404.618862500,18.516553333,200.764248889,149.779444167,633.262620833,142.770570000,7.195384722,-240.036217500,889671951962.000130000,4902436942293.999700000,3190564115824.999800000,-49.326059722,44.177196111,141.238275278,-157.540013889,339.231964444
2014-06-04 00:00:00,149.970862500,629.982703333,403.390825278,18.397812222,196.601633889,149.640945833,629.982703333,142.777176111,7.193686389,-239.142502778,887387531571.999900000,4884594013474.000000000,3184179915605.999800000,-49.242605000,44.057194167,137.082887778,-157.650840556,338.024307500
2014-06-03 00:00:00,149.974481111,626.880077778,403.371789167,18.298120556,195.172105278,149.204879167,626.880077778,142.782688333,7.191792778,-238.268428889,885059810625.000000000,4864689818352.000100000,3179848122362.999900000,-49.233588333,43.634194167,135.663513056,-157.736453889,338.033913611
2014-06-02 00:00:00,149.979373611,622.173847222,403.354741111,17.069040833,191.731426944,149.032349722,622.173847222,142.789289167,7.190084444,-237.361952222,882732889751.000040000,4844772297937.999900000,3175527700706.999800000,-49.224166389,43.477325556,132.237061944,-158.964257222,338.048656111
2014-06-01 00:00:00,149.983988889,620.117011944,403.336735000,16.963399722,191.711996667,149.023198611,620.117011944,142.795111111,7.188877778,-236.426293056,880374520014.999980000,4826320359047.999900000,3170197828730.999800000,-48.771050278,43.511730833,132.239648333,-159.067155278,338.057006944
2014-05-31 00:00:00,149.990447500,616.506032778,401.668863056,16.845894167,191.699208333,149.016689444,616.506032778,142.802106667,7.188340833,-235.573020278,878107293322.999950000,4811937192153.000200000,3161526298636.999700000,-47.583560833,43.543522222,132.244071667,-159.182923611,336.393731389
2014-05-30 00:00:00,149.996543611,612.200121389,397.778088611,16.643411667,187.902928056,148.998309167,612.200121389,142.809561111,7.186982500,-234.651384444,875885681320.000050000,4792430847178.000200000,3156909793443.999800000,-47.529333889,43.565041667,128.484516667,-159.372490278,332.512008611
2014-05-29 00:00:00,150.001229722,608.893233056,395.835821944,16.616074722,185.819850833,148.989559444,608.893233056,142.815942778,7.185286944,-233.713295278,873612960345.999950000,4774158816322.000000000,3151174331492.000200000,-47.379634444,43.597892222,126.431498056,-159.379130833,330.586048889
2014-05-28 00:00:00,150.006643611,603.875287778,392.757187222,15.403324444,182.588749444,148.953236944,603.875287778,142.823107222,7.183536389,-232.767896389,871350696945.999860000,4754254427070.000100000,3146853898093.000000000,-47.369492778,43.583531111,123.213466111,-160.580817778,327.517899444
2014-05-27 00:00:00,150.011673611,601.686741667,391.026570278,15.233858611,181.693711111,148.887338611,601.686741667,142.829356389,7.182317222,-231.820411389,869024040546.999930000,4736534759133.999900000,3140460689542.000200000,-47.177478056,43.542585278,122.390683611,-160.723433611,325.804852222
2014-05-26 00:00:00,150.017152778,598.481899167,390.980367500,14.140421389,178.896281111,148.872048056,598.481899167,142.835880278,7.181272500,-230.885844722,866717571766.000030000,4716625510375.000200000,3136140252631.000200000,-47.168186667,43.561282778,119.608663333,-161.807306111,325.787079444
2014-05-25 00:00:00,150.020803333,596.688770000,390.961259722,14.117016667,178.876509722,148.862513056,596.688770000,142.840711667,7.180091667,-229.940939444,864376275306.999920000,4696712033819.000100000,3131819819293.000100000,-47.159795556,43.593868056,119.611524444,-161.810098056,325.793481111
2014-05-24 00:00:00,150.025066111,594.260671389,390.941795833,14.086150556,178.856367222,148.851265556,594.260671389,142.846231944,7.178834167,-228.990478611,862040452141.999950000,4676803551169.999800000,3127499384218.999700000,-47.152001389,43.622004167,119.614355833,-161.822886944,325.799845833
2014-05-23 00:00:00,150.030211111,591.401513611,389.129107500,13.168033056,177.302036111,148.813286111,591.401513611,142.852541944,7.177669167,-228.073487500,859714207911.000010000,4658923486389.999900000,3120888670796.999900000,-46.963535556,43.606662222,118.076574444,-162.727627222,324.004268056
2014-05-22 00:00:00,150.036830278,586.715210000,388.097463333,12.119093889,175.655858889,148.775855278,586.715210000,142.860055278,7.176775000,-227.112071944,857357281154.000040000,4642916890220.999700000,3113053678871.999900000,-46.382220833,43.594553056,116.442283056,-163.766072222,322.990110833
2014-05-21 00:00:00,150.042144722,581.954528889,385.748623889,11.088932500,174.307795278,148.743964167,581.954528889,142.867221389,7.174923333,-226.172038889,855091638356.000060000,4629325982304.999800000,3102115670795.000100000,-45.767431667,43.588413611,115.105651111,-164.788326667,320.651971389
2014-05-20 00:00:00,150.046862500,576.564844722,382.571006944,11.067155833,171.766893333,148.724743333,576.564844722,142.873390833,7.173471667,-225.242052500,852852820407.999990000,4609424066180.999800000,3097795233389.999800000,-45.757683056,43.604698889,112.581763889,-164.784636944,317.486006944
2014-05-19 00:00:00,150.051325556,571.419144444,381.691475556,10.737057500,168.752593333,148.671286944,571.419144444,142.879419722,7.171905833,-224.322984444,850585619236.999980000,4589521174222.999800000,3093474797085.999800000,-45.748797500,43.567255278,109.578228611,-165.092186944,316.630639722
2014-05-18 00:00:00,150.053752778,566.038416944,381.670632222,10.713874167,166.337319722,148.640410556,566.038416944,142.884565556,7.169187222,-223.398143889,848314558452.999940000,4569621155658.000100000,3089154362261.999800000,-45.739740833,43.566183611,107.162955000,-165.089897500,316.639026667
2014-05-17 00:00:00,150.057440000,560.879431111,381.651894722,10.691869722,163.908877500,148.581490833,560.879431111,142.889700833,7.167739167,-222.477437778,846065663647.000070000,4549713539394.999700000,3084833925641.000200000,-45.731000278,43.533866667,104.744253889,-165.088221389,316.648030833
2014-05-16 00:00:00,150.062840556,556.388271389,380.554817778,10.036941111,156.830035278,148.561403056,556.388271389,142.897128889,7.165711667,-221.525149722,843833681473.999970000,4529920437922.999800000,3080413194070.000000000,-45.717048611,43.540958333,97.678772500,-165.723520000,315.579376111
2014-05-15 00:00:00,150.072435556,552.029139444,378.872219722,8.785100278,148.741509167,148.524146944,552.029139444,142.907261944,7.165173611,-220.565689722,841495058988.000030000,4514423942572.000000000,3071994445928.999700000,-45.181393611,43.524568333,89.632451944,-166.965213611,313.922528889
2014-05-14 00:00:00,150.079945556,546.752241389,377.387918889,7.937068056,142.301363611,148.512870000,546.752241389,142.916178333,7.163767222,-219.614697778,839184798042.000050000,4501962462203.999700000,3060297985157.999900000,-44.312172778,43.546197500,83.210491667,-167.791821667,312.454472778
2014-05-13 00:00:00,150.084977500,545.532887500,375.511036111,7.858233056,139.688014167,148.414663333,545.532887500,142.922258889,7.162718611,-218.678585556,836834533427.999970000,4490781642490.000100000,3048895858514.000100000,-43.344992500,43.480502222,80.975534167,-167.825376944,310.588009722
2014-05-12 00:00:00,143.883163333,541.699672222,375.479664167,7.227628056,133.821708056,148.266420278,541.699672222,136.756038889,7.127124444,-217.798987778,834537065660.000080000,4480604632978.000000000,3036444039628.000200000,-42.456450556,43.356876944,75.239951667,-168.420018333,310.575133889
2014-05-11 00:00:00,143.887852778,536.660831944,373.570517500,7.162464167,132.222725278,147.925764167,536.660831944,136.761691944,7.126160833,-216.965983611,832317237305.000060000,4460701956886.000000000,3032123604192.000000000,-42.447496667,43.034713889,73.651905556,-168.477332500,308.676306944
2014-05-10 00:00:00,143.892478889,533.253414722,369.612465833,7.047248333,130.657770278,147.560295278,533.253414722,136.767547778,7.124931111,-216.139270556,830095852695.999970000,4440800171302.000200000,3027803168537.999900000,-42.437645833,42.681439167,72.095673889,-168.583188333,304.718255278
2014-05-09 00:00:00,143.898093889,529.094653333,367.761198056,6.995505833,129.506415833,147.408582778,529.094653333,136.773896111,7.124197778,-215.276420833,827825974981.999990000,4427917722454.000100000,3017324439196.000000000,-41.726720000,42.553399444,71.078946111,-168.609039444,302.876179167
2014-05-08 00:00:00,143.902262500,524.669245833,366.517041111,6.601975000,126.761421389,146.952308056,524.669245833,136.779955278,7.122307222,-214.446665278,825623023243.000030000,4409169120985.000100000,3011963597743.999900000,-41.616286667,42.119477778,68.342103333,-168.987124167,301.649652778
2014-05-07 00:00:00,143.907521111,521.086521111,364.106905000,6.534121667,124.289399722,146.305526111,521.086521111,136.786750278,7.120770833,-213.622636111,823412582075.000040000,4390320702940.000200000,3006562705652.999800000,-41.533809722,41.485053889,65.881135556,-169.045747778,299.247717500
2014-05-06 00:00:00,143.912587222,516.270116389,360.466088889,6.002508889,122.656462222,145.847501389,516.270116389,136.793015833,7.119571389,-212.768166389,821173642606.000060000,4370420902616.999700000,3002242270676.000100000,-41.523248889,41.034215556,64.267630833,-169.570713611,295.612084444
2014-05-05 00:00:00,143.918709444,512.926091667,355.948825556,5.608759722,120.262918056,145.627534167,512.926091667,136.800525833,7.118183611,-211.851948056,818910352689.999930000,4350515053744.000100000,2997921837452.999900000,-41.512940556,40.817646944,61.885528333,-169.952979167,291.094821111
2014-05-04 00:00:00,143.923960833,508.097331389,352.063394722,5.586647500,119.748580278,145.563289167,508.097331389,136.807322222,7.116638611,-210.911653889,816579523143.000000000,4330608474286.999700000,2993601415213.000100000,-41.503560556,40.759498889,61.388629167,-169.951678889,287.209390278
2014-05-03 00:00:00,143.929754444,505.817521111,348.616726667,5.236765833,119.726099722,145.517998611,505.817521111,136.815300278,7.114454167,-209.963751111,814216002355.000010000,4314070118533.999900000,2986771411363.000200000,-40.527536111,40.731825000,61.404319722,-170.285029167,283.765282222
2014-05-02 00:00:00,143.936933056,502.475656389,345.585633889,5.175997222,118.063199444,145.166750833,502.475656389,136.823420000,7.113513056,-209.128110000,811954876751.000040000,4300194663050.000000000,2977234705745.000200000,-39.344349444,40.395065556,59.777466111,-170.341553333,280.737107778
2014-05-01 00:00:00,143.941109167,498.114465000,341.866163889,5.110858056,118.043108611,145.017208333,498.114465000,136.829076389,7.112032778,-208.266726667,809705712483.000040000,4280291599083.999900000,2972914270142.999800000,-39.335364722,40.246800000,59.781708333,-170.397225833,277.017637778
2014-04-30 00:00:00,143.945607778,494.843684444,337.710915556,5.081010000,118.023219167,144.920031111,494.843684444,136.834555000,7.111052778,-207.385480833,807449454618.999950000,4260382745501.000200000,2968593834042.000100000,-39.326759722,40.161498611,59.785959167,-170.406958333,272.862389444
2014-04-29 00:00:00,143.949268333,489.997003333,333.761410556,5.046275278,117.878985833,144.897088056,489.997003333,136.840567222,7.108701111,-206.507785833,805167499031.999940000,4240473263226.000000000,2964273400641.000200000,-39.317718056,40.170283056,59.666936389,-170.419612222,268.912884444
2014-04-28 00:00:00,143.954036667,486.072641111,329.461744167,4.992358056,116.929151944,144.886072500,486.072641111,136.846990556,7.107046111,-205.611418611,802886127713.999980000,4220557169911.999700000,2959952963241.000100000,-39.308343611,40.203127778,58.738071389,-170.458857778,264.613242222
2014-04-27 00:00:00,143.958074167,481.598336944,327.147857500,4.966828056,116.907916667,144.868841944,481.598336944,136.852619444,7.105454722,-204.706691944,800557114363.000030000,4200639236123.999900000,2955632527863.000000000,-39.300388889,40.219983333,58.741136389,-170.461368333,262.307149167
2014-04-26 00:00:00,143.960423333,476.957191389,327.126928056,4.926796389,116.516480556,144.847201667,476.957191389,136.857052778,7.103370556,-203.794651667,798246269003.000020000,4180725468942.999800000,2951312095126.000000000,-39.292760278,40.234590556,58.368457222,-170.480907778,262.313981944
2014-04-25 00:00:00,143.962993611,472.347825833,327.074451111,4.872931944,116.047889167,144.471265000,472.347825833,136.861834167,7.101159444,-202.891460278,795965411782.999990000,4160820709700.000200000,2946991660841.000000000,-39.284414167,39.864188611,57.919239722,-170.520145556,262.281656667
2014-04-24 00:00:00,143.967876667,466.918556667,323.945691944,4.813856389,115.526976111,143.047438333,466.918556667,136.868576111,7.099300556,-201.986024722,793707997284.000030000,4140912329237.999900000,2942671226888.999900000,-39.275270556,38.455241389,57.419306111,-170.566382778,259.155156944
2014-04-23 00:00:00,143.972831667,461.722034167,322.025120833,4.755737778,114.271806389,141.661736389,461.722034167,136.874948056,7.097883611,-201.080853611,791440950366.999980000,4121005961614.999700000,2938350793583.999800000,-39.266007500,37.080141111,56.183699444,-170.608576111,257.236181667
2014-04-22 00:00:00,143.977373889,458.390033056,320.869387222,4.694002778,111.886623611,140.167891389,458.390033056,136.881346667,7.096027222,-200.175537500,789166207240.999930000,4101098529178.000000000,2934030358791.000200000,-39.256446667,35.595931389,53.816265000,-170.657234444,256.093288889
2014-04-21 00:00:00,143.979712500,453.176211111,320.725305833,4.668346667,111.864810278,139.201280000,453.176211111,136.886147778,7.093564722,-199.262520556,786849521664.000030000,4081181417483.000100000,2929709924635.999700000,-39.248451111,34.645857222,53.820471389,-170.659112778,255.953586667
2014-04-20 00:00:00,143.982915000,448.036375556,320.634287222,4.644186667,111.844827778,137.876014722,448.036375556,136.891179444,7.091735556,-198.361828056,784560549078.999990000,4061269157383.999800000,2925389489605.000000000,-39.240579444,33.330628333,53.825607500,-170.660918333,255.871816667
2014-04-19 00:00:00,143.986791111,442.852274444,320.561329167,4.622032222,111.827113333,136.484753056,442.852274444,136.895756389,7.091034722,-197.476126944,782298488819.999930000,4041363331998.999700000,2921069056841.999800000,-39.232440000,31.950086389,53.831498611,-170.662653333,255.809860278
2014-04-18 00:00:00,143.991008889,438.239285833,318.872071389,4.584524444,111.335938611,134.578272778,438.239285833,136.900836111,7.090172778,-196.590088611,780060381260.999910000,4021458572871.999700000,2916748622789.000200000,-39.223453889,30.062337222,53.358409444,-170.685760000,254.123643333
2014-04-17 00:00:00,143.995162778,432.930290833,318.822364444,4.514346111,110.901814167,131.571149167,432.930290833,136.905888333,7.089274444,-195.706415556,777809783930.000060000,4001549347411.000100000,2912428188888.999800000,-39.214317500,27.055213611,52.945655556,-170.741469167,254.087853333
2014-04-16 00:00:00,143.999531111,427.547922778,318.774816667,4.471106111,109.282739722,129.050138056,427.547922778,136.911785556,7.087745556,-194.809983611,775566018746.999970000,3982550621044.999900000,2907144134416.000200000,-39.145357778,24.547482500,51.345724167,-170.762973611,254.062107222
2014-04-15 00:00:00,144.004009722,423.916483333,318.091651389,4.418886389,108.862920000,126.148715556,423.916483333,136.917393611,7.086616111,-193.900765000,773326001652.000060000,3964804730767.999800000,2900629965958.999900000,-38.994268889,21.655202500,50.949616389,-170.798648611,253.390537778
2014-04-14 00:00:00,144.008778611,418.444138056,317.963778889,4.398767500,105.537132778,123.821817500,418.444138056,136.923703333,7.085075278,-192.998760000,771085079021.000020000,3944890954641.000000000,2896309530544.000200000,-38.984210556,19.343982500,47.640150833,-170.792136944,253.267881667
2014-04-13 00:00:00,144.010894167,414.339600556,317.828610556,4.375033333,105.517325833,121.596680000,414.339600556,136.928078333,7.082815833,-192.086158056,768825465585.999960000,3924978020040.000000000,2891989095192.000200000,-38.975225833,17.129144722,47.645796667,-170.793163889,253.141216944
2014-04-12 00:00:00,138.999192222,408.992117778,317.367509722,4.322990278,99.798648333,120.361110833,408.992117778,131.918029444,7.081162778,-191.244069167,766595912792.000050000,3907236996776.000200000,2886485692544.999700000,-38.809521111,15.924405556,42.006300833,-170.819725278,252.696178056
2014-04-11 00:00:00,139.002855278,404.121003333,317.266016111,4.247786944,98.123798889,118.194565278,404.121003333,131.923949722,7.078905556,-190.449714722,764367420406.000010000,3887328405573.999800000,2882165269764.000100000,-38.800617778,13.762875278,40.348490278,-170.874175000,252.619083889
2014-04-10 00:00:00,139.007753056,397.928418333,314.322263333,4.225804722,94.885907778,117.339314722,397.928418333,131.930746667,7.077006389,-189.503685278,762133776327.000020000,3867422794514.999900000,2877844844225.999700000,-38.790548056,12.922105278,37.117314167,-170.869073889,249.690961667
2014-04-09 00:00:00,139.013801111,391.933007222,314.306945833,4.205234444,92.650968611,114.782927500,391.933007222,131.937493333,7.076307778,-188.573130833,759881843756.000040000,3847513080676.000100000,2873524404099.000000000,-38.780630278,10.368470000,34.898247778,-170.866586944,249.705293333
2014-04-08 00:00:00,139.019511944,386.263993056,312.775755000,4.180733333,90.867831944,111.568993056,386.263993056,131.944342778,7.075169167,-187.636197500,757629135810.000060000,3827612788536.999800000,2869203955493.999700000,-38.770174722,7.160996389,33.134760833,-170.871033889,248.196656667
2014-04-07 00:00:00,139.025153889,382.073280278,312.319739167,4.133916944,89.355836667,108.832181111,382.073280278,131.950756667,7.074397222,-186.688600556,755352178502.000090000,3810606341442.000200000,2862346687059.000100000,-38.461014167,4.432692222,31.647105556,-170.903694722,247.766566667
2014-04-06 00:00:00,139.029728889,378.036133333,311.613073056,4.090419444,89.334724167,106.293405556,378.036133333,131.956493889,7.073235000,-185.756408056,753084184032.999990000,3793090266686.000200000,2855414130325.999800000,-38.252717500,1.907724444,31.644017778,-170.934421111,247.077500278
2014-04-05 00:00:00,129.370054722,373.941147222,308.258929444,4.024043056,88.080030000,104.695506944,373.941147222,122.297393333,7.072661389,-184.829272500,750819202532.999990000,3776371491057.999700000,2848347921649.000000000,-38.236897222,0.328305833,30.402658889,-170.985835833,243.731313056
2014-04-04 00:00:00,129.378937778,368.811045000,305.907002778,3.971425278,84.344209167,102.885950556,368.811045000,122.306690000,7.072247778,-184.130281944,748646649070.999970000,3761577594706.000000000,2834629998632.000000000,-38.224911111,-1.477098889,26.678728889,-171.021050000,241.388189444
2014-04-03 00:00:00,129.385834444,363.608941111,303.176275000,3.903598889,82.794726111,99.175163889,363.608941111,122.314598056,7.071236389,-183.277153056,746421698893.000000000,3741694709399.999900000,2830294279902.999900000,-38.213085833,-5.187837778,25.151380556,-171.066323889,238.674896944
2014-04-02 00:00:00,129.391662778,358.751851111,302.444575833,3.883598056,79.383341944,95.656325278,358.751851111,122.322151667,7.069511111,-182.396148889,744166309753.999940000,3721783621527.000000000,2825973846772.000100000,-38.202150278,-8.703103611,21.750159444,-171.058100556,237.972923889
2014-04-01 00:00:00,127.379560833,355.074842222,300.985662778,3.865934722,75.818737500,92.639331111,355.074842222,120.310953056,7.068607778,-181.503891111,741867126207.000010000,3702200770907.999800000,2821656043754.000000000,-38.188724444,-11.700227500,18.191495278,-171.049962500,236.535702222
2014-03-31 00:00:00,122.636288611,351.785702778,299.964822222,3.845298889,75.801158611,88.723482778,351.785702778,115.568555000,7.067733611,-180.611020556,739539212656.000010000,3682974305074.999900000,2817325377218.999800000,-38.174634444,-15.610961389,18.198098056,-171.049381944,235.542622778
2014-03-30 00:00:00,122.060417500,348.494218333,299.947383056,3.822537500,75.782526389,85.294506667,348.494218333,114.994051944,7.066365556,-179.696741944,737224528963.999980000,3663162666141.999900000,2813004325437.999900000,-38.164515278,-19.039937500,18.206150556,-171.048661667,235.556175833
2014-03-29 00:00:00,119.145608611,344.494974167,299.844249444,3.804730000,73.320543056,82.456648333,344.494974167,112.080536944,7.065071667,-178.786608889,734918568177.999970000,3645990483485.999700000,2804926997609.999700000,-38.043342500,-21.850028611,15.752003333,-171.043589722,235.481740278
2014-03-28 00:00:00,108.477276667,343.263001389,298.714870556,3.785415833,68.698988889,78.054206389,343.263001389,101.413474722,7.063801944,-177.876490833,732631632304.000020000,3627575963414.999800000,2800614334031.000100000,-38.023779167,-26.252454722,11.137757778,-171.037583333,234.381619444
2014-03-27 00:00:00,108.483897500,338.769828611,298.702185556,3.768923889,64.949290000,74.788738056,338.769828611,101.420872222,7.063025278,-176.986255833,730355586168.999910000,3609145449756.000000000,2793180183438.000000000,-37.955092500,-29.515110833,7.397471389,-171.028846667,234.400250556
2014-03-26 00:00:00,108.307165833,334.132687500,298.686857778,3.750124444,60.981383611,71.000881389,334.132687500,101.245683333,7.061482500,-176.100117778,728069359498.999950000,3589249954409.000200000,2788857884326.000200000,-37.943426389,-33.302967500,3.429565000,-171.018795278,234.420209722
2014-03-25 00:00:00,106.851893611,331.612968611,298.674090833,3.733467500,58.256192778,67.755358333,331.612968611,99.791474722,7.060418889,-175.204296944,725736801418.999910000,3571766964965.999700000,2782265638596.000000000,-37.836925833,-36.534895278,0.732390833,-171.011844167,234.437315556
2014-03-24 00:00:00,97.874820000,330.058583056,296.494671111,3.716106389,55.839369444,64.426813333,330.058583056,90.815631389,7.059188611,-174.302773889,723357798797.000050000,3553749158478.000100000,2777765521902.999800000,-37.816191389,-39.858340556,-1.676730833,-171.004988056,232.281881944
2014-03-23 00:00:00,97.879233333,327.765495833,296.477990278,3.692611389,55.820888889,61.705263611,327.765495833,90.821491667,7.057741667,-173.382565556,721027499627.000090000,3533845784965.000100000,2773445088891.000100000,-37.806895000,-42.579839722,-1.670253611,-171.006792500,232.294695000
2014-03-22 00:00:00,97.883488333,325.817374722,296.461295833,3.663098056,55.801944167,59.283009444,325.817374722,90.827211944,7.056276389,-172.459951389,718674635555.999990000,3513931014735.999700000,2769124656025.000200000,-37.797980833,-44.999529722,-1.664818056,-171.016619444,232.307572222
2014-03-21 00:00:00,97.888767222,323.181956111,296.449818611,3.646957222,55.734675833,57.628859444,323.181956111,90.833809167,7.054958056,-171.550105556,716264581555.999990000,3500071357864.000200000,2755489619415.000000000,-37.528654167,-46.585556944,-1.711413333,-171.016874722,232.320535000
2014-03-20 00:00:00,95.189360833,319.282098611,293.459052500,3.628313889,54.397263889,57.238164444,319.282098611,88.135213333,7.054147500,-170.636099167,713919490998.999950000,3485780904204.999800000,2745490566783.999800000,-37.235450556,-46.892367778,-3.034525278,-171.019584167,229.335388611
2014-03-19 00:00:00,86.973770278,314.313460556,291.454494722,3.611697500,53.055322500,56.263296944,314.313460556,79.920029444,7.053740833,-169.749680000,711618726899.999970000,3471961811324.999900000,2732732253762.000200000,-37.214201667,-47.843285000,-4.365932778,-171.020674722,227.339959722
2014-03-18 00:00:00,83.517169444,308.173188889,288.303267778,3.590681667,49.925669167,53.341380000,308.173188889,76.464438333,7.052731111,-168.928019167,709399870937.999960000,3452569268949.999800000,2728376437143.999900000,-37.196710000,-50.765147778,-7.495586111,-171.017243611,224.205968889
2014-03-17 00:00:00,83.525244444,302.466276667,286.959396667,3.566785000,46.564407778,49.754646389,302.466276667,76.473522778,7.051721667,-168.006321667,707162659217.000000000,3432657918379.999900000,2724055970547.999700000,-37.183184722,-54.349523611,-10.854986111,-171.018572222,222.885729167
2014-03-16 00:00:00,83.532297778,299.306572222,286.942108611,3.535025278,44.043513333,46.896943056,299.306572222,76.481658889,7.050638889,-167.102232778,704895570121.999970000,3412744047105.000000000,2719735531280.000200000,-37.170805000,-57.200625556,-13.369969167,-171.031132500,222.899452778
2014-03-15 00:00:00,83.537650000,294.088903056,286.924635556,3.503881389,41.888845000,44.168493056,294.088903056,76.488791667,7.048858333,-166.198949167,702587769739.000080000,3392833842541.999800000,2715415094147.999800000,-37.158608333,-59.928119167,-15.515659167,-171.041515278,222.913241944
2014-03-14 00:00:00,76.161738056,291.691499167,286.352922500,3.477512500,41.207146389,40.770722222,291.691499167,69.113873889,7.047864167,-165.266430556,700282061787.999980000,3374094573439.000200000,2711095476310.999900000,-37.137524722,-63.325867778,-16.174033056,-171.047928056,222.367314722
2014-03-13 00:00:00,74.319365556,288.513979167,286.337171389,3.454139167,40.028780556,37.965187222,288.513979167,67.272261944,7.047103611,-164.325573333,698013833575.000040000,3356327760990.999900000,2704942350505.999900000,-37.032661111,-66.125924444,-17.335872500,-171.052764722,222.378107500
2014-03-12 00:00:00,72.075825278,285.373276111,283.221487500,3.426182222,37.865615000,35.866867778,285.373276111,65.029725278,7.046100000,-163.405469722,695758466463.999980000,3336753117096.999800000,2700619679873.999900000,-37.016397222,-68.215869722,-19.490379167,-171.059717500,219.277045833
2014-03-11 00:00:00,72.081748056,281.509256111,282.092816111,3.397005278,35.056185556,33.471486389,281.509256111,65.037024167,7.044723889,-162.452341667,693477127884.000060000,3318085794085.000100000,2694954543165.000000000,-36.935632222,-70.602457222,-22.285263056,-171.069625278,218.170137500
2014-03-10 00:00:00,68.112239444,277.866692222,281.504936111,3.373749444,32.644680833,30.397120833,277.866692222,61.068709167,7.043530278,-161.511923611,691163732893.999930000,3299217518442.999700000,2689934131518.999900000,-36.904191667,-73.675502778,-24.677661389,-171.069659444,217.611100000
2014-03-09 00:00:00,68.117191667,272.898560000,281.486195000,3.340543611,32.626618611,27.260500000,272.898560000,61.075260000,7.041931667,-160.563135278,688858728809.000010000,3279305196371.999900000,2685613706502.000000000,-36.892835833,-76.799539167,-24.665554444,-171.083401667,217.623355556
2014-03-08 00:00:00,68.121796111,268.492907500,280.814076111,3.301029722,32.608569167,24.482531111,268.492907500,61.082003889,7.039792222,-159.620408889,686558295957.999940000,3259395715978.999700000,2681293278018.999900000,-36.881348611,-79.567428611,-24.653535833,-171.105461111,216.975627778
2014-03-07 00:00:00,68.129291389,264.034381111,279.151101389,3.284498611,29.749191111,23.036942778,264.034381111,61.090744444,7.038546944,-158.672870833,684229083572.999950000,3243676466326.000000000,2672851216177.000100000,-36.478511111,-80.944752222,-27.497486944,-171.098695556,215.330646944
2014-03-06 00:00:00,68.134989444,258.473396111,279.141612222,3.272806111,27.248606667,21.450575556,258.473396111,61.097798333,7.037191111,-157.781214722,681954989618.000030000,3233032143474.000000000,2659139649972.000100000,-35.890523333,-82.450326667,-29.962098889,-171.094050833,215.341697222
2014-03-05 00:00:00,68.141850833,253.725075278,279.125915000,3.255055556,22.959799722,18.312860833,253.725075278,61.106226667,7.035624167,-156.936066944,679710936766.999950000,3213127641897.000000000,2654819221875.000000000,-35.877775000,-85.587921944,-34.250905833,-171.083414444,215.358413611
2014-03-04 00:00:00,68.149389722,248.427558333,279.112097222,3.239262778,17.588083056,15.748513056,248.427558333,61.114152500,7.035237222,-156.095096111,677441816046.000000000,3193220272656.999800000,2650498786245.999900000,-35.864524167,-88.151422222,-39.622622500,-171.071574722,215.375768611
2014-03-03 00:00:00,68.156920556,243.262366389,279.096309722,3.221000000,13.074664167,13.065875556,243.262366389,61.122652500,7.034268056,-155.276584722,675132852898.999920000,3173313235133.000000000,2646178348244.000000000,-35.851551111,-90.831218333,-44.136041389,-171.061120278,215.392678889
2014-03-02 00:00:00,68.163850000,239.248541667,279.079586944,3.201080278,11.168861389,9.987650833,239.248541667,61.130607500,7.033242500,-154.456846667,672792269921.000000000,3153403457052.999700000,2641857908709.000000000,-35.839210278,-93.909443056,-46.041844167,-171.054966111,215.407424722
2014-03-01 00:00:00,68.170776111,237.440390000,277.476355278,3.184975278,9.713304722,8.509886667,237.440390000,61.138387222,7.032388889,-153.634187500,670444104009.000060000,3137718448248.000100000,2627539380740.000000000,-35.825296111,-95.368146667,-47.495625556,-171.050960556,213.816730278
2014-02-28 00:00:00,68.176522778,237.535110556,277.476174722,3.183377222,9.573237778,8.492961111,237.535110556,61.144133889,7.032388889,-152.807720556,668057078047.999970000,3136978822960.000000000,2578947948093.000000000,-35.807095000,-95.366439444,-47.625548056,-171.051963056,213.822893333
2014-02-27 00:00:00,68.182264444,237.590460000,277.476162222,3.181930278,9.571733889,8.491167500,237.590460000,61.149875556,7.032388889,-151.968426111,665675822292.999980000,3136529884977.999900000,2529049929733.000000000,-35.790039722,-95.347206111,-47.617912222,-171.053323056,213.828966667
2014-02-26 00:00:00,68.187930833,237.636486111,277.475951389,3.180175000,9.559048333,8.460221389,237.636486111,61.155547222,7.032383611,-151.135373889,663280464743.999950000,3135917053198.999700000,2479366357421.999800000,-35.773198333,-95.358065000,-47.621587778,-171.054643333,213.834921944
2014-02-25 00:00:00,68.193746667,237.736719722,277.475887500,3.178720000,9.481098889,8.446679167,237.736719722,61.161366667,7.032380000,-150.285176389,660888481567.000030000,3135339385855.000000000,2430052736205.999800000,-35.751493889,-95.353030556,-47.687431944,-171.055667778,213.841211111
2014-02-24 00:00:00,68.199422222,237.850610278,277.475571111,3.176971667,9.453560278,8.359211389,237.850610278,61.167042222,7.032380000,-149.430075278,658499309750.000000000,3134464317127.000000000,2380936602809.999800000,-35.730088611,-95.418841389,-47.703889167,-171.056749722,213.847457222
2014-02-23 00:00:00,68.206380278,238.632361944,277.475047222,3.175631944,9.453010000,8.228551944,238.632361944,61.174007778,7.032372500,-148.600193333,656053105817.000030000,3133334913859.999700000,2329950561355.000100000,-35.710745000,-95.526075278,-47.697249444,-171.056528333,213.855550278
2014-02-22 00:00:00,68.213658056,237.001065833,276.063488889,3.167568056,7.553449444,7.496250556,237.001065833,61.182778333,7.030879722,-147.755786667,653627452269.999980000,3123634400623.999800000,2300927836164.999900000,-35.675171389,-96.233316944,-49.586554167,-171.051392778,212.451955833
2014-02-21 00:00:00,68.222994444,234.067598889,273.418525278,3.159339722,5.974628611,6.664638889,234.067598889,61.192639167,7.030355278,-146.906926111,651166305689.000010000,3114398643009.999900000,2271061335607.999800000,-35.623258611,-97.041225000,-51.157767778,-171.045357500,209.813086389
2014-02-20 00:00:00,68.229145278,229.688639167,271.180095000,3.143545556,3.563401389,6.627403889,229.688639167,61.200480833,7.028664444,-146.073323611,648786997355.000010000,3098884611768.000100000,2256311352759.999900000,-35.568316667,-97.051547778,-53.563381111,-171.039694444,207.583685000
2014-02-19 00:00:00,68.236063333,227.680915000,267.421068333,3.127319444,2.493885278,6.615772500,227.680915000,61.208762222,7.027301111,-145.201843611,646412813095.999950000,3083323377516.000200000,2241906871324.999900000,-35.556067778,-97.035581389,-54.624286944,-171.036699167,203.828638889
2014-02-18 00:00:00,68.242907778,226.577590000,266.429724722,3.109520278,2.472833056,6.603181944,226.577590000,61.216402222,7.026505556,-144.387275278,644011472574.000000000,3067571310121.999900000,2227766931681.999800000,-35.528441111,-97.021625556,-54.626366944,-171.036524167,202.855642778
2014-02-17 00:00:00,68.246845833,225.458979167,266.407138056,3.084466667,2.450664444,6.585118611,225.458979167,61.222677222,7.024168611,-143.581424444,641650698309.000010000,3047658174947.000100000,2223446346933.999900000,-35.518313333,-97.008707500,-54.621250833,-171.037226667,202.860915556
2014-02-16 00:00:00,68.253150000,223.811544167,265.704870833,3.063778333,2.431873333,6.571182778,223.811544167,61.229973333,7.023176667,-142.744367778,639281442416.000000000,3029491409914.000000000,2215091085320.000000000,-35.496376667,-96.994818333,-54.617137778,-171.038129722,202.173579167
2014-02-15 00:00:00,68.258227778,220.801251667,264.238657500,3.040761389,2.409422222,6.555249444,220.801251667,61.236528333,7.021699444,-141.939043611,636925287320.999970000,3009577113751.999700000,2210770265185.000000000,-35.485093056,-96.981170000,-54.614760833,-171.038582778,200.722697778
2014-02-14 00:00:00,68.264961111,215.416454444,259.710944167,3.018337500,2.384660278,6.534516667,215.416454444,61.244590278,7.020370833,-141.102772222,634584131899.999970000,2989684627110.000200000,2206449840837.999800000,-35.473877222,-96.974816944,-54.616182778,-171.037867500,196.203459722
2014-02-13 00:00:00,68.269269167,212.723562778,258.284422222,2.993932500,2.360336944,6.516719167,212.723562778,61.251700278,7.017568889,-140.295988611,632223599292.000050000,2969770017296.000100000,2202129317558.999900000,-35.462631389,-96.962082222,-54.614492500,-171.038321944,194.793859167
2014-02-12 00:00:00,68.274892222,211.719799722,256.581445000,2.974474167,2.343849167,6.502179167,211.719799722,61.258443056,7.016449167,-139.446758611,629867199616.999980000,2953031035795.000100000,2190808863874.999800000,-35.400773333,-96.949575833,-54.608095833,-171.038641111,193.103143333
2014-02-11 00:00:00,68.282370833,207.899165000,251.616551667,2.952680278,2.323423333,6.481103889,207.899165000,61.266783889,7.015586944,-138.631989444,627541567103.999970000,2933141038774.999900000,2186488340435.999900000,-35.389157222,-96.944668889,-54.603530000,-171.037505000,188.139110556
2014-02-10 00:00:00,68.289299722,205.910037500,249.713545556,2.929809444,2.298593611,6.464810278,205.910037500,61.274495278,7.014804444,-137.825730000,625185497468.999980000,2913238423927.000100000,2182167919973.999800000,-35.377911111,-96.931818611,-54.605264722,-171.037881667,186.249706111
2014-02-09 00:00:00,68.293686667,204.188713889,248.451061667,2.903082778,2.273495000,6.445651389,204.188713889,61.282270833,7.011415833,-136.968243889,622824591685.999980000,2893340881204.000100000,2177847499081.000000000,-35.367207500,-96.917617778,-54.601771111,-171.038252222,184.998399444
2014-02-08 00:00:00,67.713988611,204.110853889,246.992285000,2.885189444,2.251303611,6.427809444,204.110853889,60.703307500,7.010681111,-136.109180833,620425225615.999930000,2877496689387.000200000,2164744896516.999900000,-35.348031389,-96.911103056,-54.605613889,-171.038104444,183.553016667
2014-02-07 00:00:00,67.721059444,199.068600278,243.500259167,2.872668056,2.233339722,6.419129722,199.068600278,60.710810556,7.010248889,-135.294026389,618078789435.000060000,2865405864980.000200000,2141236232558.000000000,-35.267782500,-96.895244167,-54.609694167,-171.037193333,180.065006667
2014-02-06 00:00:00,67.727850556,195.127018056,237.794414722,2.851078056,2.215416111,6.404261389,195.127018056,60.718694444,7.009156111,-134.469515833,615827611154.999970000,2845511148837.000100000,2136915794654.999900000,-35.254962222,-96.880006944,-54.601153611,-171.036000833,174.361973333
2014-02-05 00:00:00,67.733983889,191.211842500,232.559615278,2.829112222,2.197468611,6.389522222,191.211842500,60.725975000,7.008008889,-133.640697778,613547543904.000040000,2825617340885.999700000,2132595358937.000000000,-35.242713333,-96.864344444,-54.592373889,-171.035355833,169.127177222
2014-02-04 00:00:00,67.735994444,191.473420000,231.754282500,2.820860000,2.190799167,6.384154167,191.473420000,60.728169444,7.007825000,-133.329996667,612723188529.999970000,2818431396485.000200000,2131034525794.000000000,-35.238241944,-96.858510556,-54.589385278,-171.035482778,168.321844444
2014-02-03 00:00:00,67.735994444,191.473420000,231.754282500,2.820860000,2.190799167,6.384154167,191.473420000,60.728169444,7.007825000,-133.329996667,612723178450.000040000,2818431307204.999900000,2131034507073.999900000,-35.238241944,-96.858510556,-54.589385278,-171.035482778,168.321844444
2014-02-02 00:00:00,67.735994444,191.473420000,231.754282500,2.820860000,2.190799167,6.384154167,191.473420000,60.728169444,7.007825000,-133.329996667,612723168370.000000000,2818431217925.000100000,2131034488353.999800000,-35.238241944,-96.858510556,-54.589385278,-171.035482778,168.321844444
2014-02-01 00:00:00,67.735994444,191.473420000,231.754282500,2.820860000,2.190799167,6.384154167,191.473420000,60.728169444,7.007825000,-133.329996667,612723158289.999960000,2818431128644.999800000,2131034469634.000000000,-35.238241944,-96.858510556,-54.589385278,-171.035482778,168.321844444
2014-01-31 00:00:00,67.735994444,191.473420000,231.754282500,2.820860000,2.190799167,6.384154167,191.473420000,60.728169444,7.007825000,-133.329996667,612723148210.000030000,2818431039365.000100000,2131034450913.999900000,-35.238241944,-96.858510556,-54.589385278,-171.035482778,168.321844444
2014-01-30 00:00:00,67.735994444,191.473420000,231.754282500,2.820860000,2.190799167,6.384154167,191.473420000,60.728169444,7.007825000,-133.329996667,612723138129.999990000,2818430950084.999700000,2131034432193.999800000,-35.238241944,-96.858510556,-54.589385278,-171.035482778,168.321844444
2014-01-29 00:00:00,67.735994444,191.473420000,231.754282500,2.820860000,2.190799167,6.384154167,191.473420000,60.728169444,7.007825000,-133.329996667,612723128049.999950000,2818430860805.000000000,2131034413474.000000000,-35.238241944,-96.858510556,-54.589385278,-171.035482778,168.321844444
2014-01-28 00:00:00,67.735994444,191.473420000,231.754282500,2.820860000,2.190799167,6.384154167,191.473420000,60.728169444,7.007825000,-133.329996667,612723117970.000020000,2818430771524.999700000,2131034394754.000000000,-35.238241944,-96.858510556,-54.589385278,-171.035482778,168.321844444
2014-01-27 00:00:00,67.735994444,191.473420000,231.754282500,2.820860000,2.190799167,6.384154167,191.473420000,60.728169444,7.007825000,-133.329996667,612723107889.999980000,2818430682245.000000000,2131034376033.999900000,-35.238241944,-96.858510556,-54.589385278,-171.035482778,168.321844444
2014-01-26 00:00:00,67.735994444,191.473420000,231.754282500,2.820860000,2.190799167,6.384154167,191.473420000,60.728169444,7.007825000,-133.329996667,612723097810.000060000,2818430592965.000200000,2131034357314.000100000,-35.238241944,-96.858510556,-54.589385278,-171.035482778,168.321844444
2014-01-25 00:00:00,67.735994444,191.473420000,231.754282500,2.820860000,2.190799167,6.384154167,191.473420000,60.728169444,7.007825000,-133.329996667,612723087730.000010000,2818430503684.999900000,2131034338594.000000000,-35.238241944,-96.858510556,-54.589385278,-171.035482778,168.321844444
2014-01-24 00:00:00,67.735994444,191.473420000,231.754282500,2.820860000,2.190799167,6.384154167,191.473420000,60.728169444,7.007825000,-133.329996667,612723077649.999970000,2818430414405.000200000,2131034319873.999900000,-35.238241944,-96.858510556,-54.589385278,-171.035482778,168.321844444
2014-01-23 00:00:00,67.735994444,191.473420000,231.754282500,2.820860000,2.190799167,6.384154167,191.473420000,60.728169444,7.007825000,-133.329996667,612723067569.999930000,2818430325124.999800000,2131034301153.999800000,-35.238241944,-96.858510556,-54.589385278,-171.035482778,168.321844444
2014-01-22 00:00:00,67.735994444,191.473420000,231.754282500,2.820860000,2.190799167,6.384154167,191.473420000,60.728169444,7.007825000,-133.329996667,612723057490.000000000,2818430235845.000100000,2131034282434.000000000,-35.238241944,-96.858510556,-54.589385278,-171.035482778,168.321844444
2014-01-21 00:00:00,67.735994444,191.473420000,231.754282500,2.820860000,2.190799167,6.384154167,191.473420000,60.728169444,7.007825000,-133.329996667,612723047410.000080000,2818430146564.999800000,2131034263713.999900000,-35.238241944,-96.858510556,-54.589385278,-171.035482778,168.321844444
2014-01-20 00:00:00,67.735994444,191.473420000,231.754282500,2.820860000,2.190799167,6.384154167,191.473420000,60.728169444,7.007825000,-133.329996667,612723037330.000040000,2818430057285.000000000,2131034244993.999800000,-35.238241944,-96.858510556,-54.589385278,-171.035482778,168.321844444
2014-01-19 00:00:00,67.735994444,191.473420000,231.754282500,2.820860000,2.190799167,6.384154167,191.473420000,60.728169444,7.007825000,-133.329996667,612723027250.000000000,2818429968004.999700000,2131034226274.000100000,-35.238241944,-96.858510556,-54.589385278,-171.035482778,168.321844444
2014-01-18 00:00:00,67.735994444,191.473420000,231.754282500,2.820860000,2.190799167,6.384154167,191.473420000,60.728169444,7.007825000,-133.329996667,612723017169.999950000,2818429878725.000000000,2131034207554.000000000,-35.238241944,-96.858510556,-54.589385278,-171.035482778,168.321844444
2014-01-17 00:00:00,67.735994444,191.473420000,231.754282500,2.820860000,2.190799167,6.384154167,191.473420000,60.728169444,7.007825000,-133.329996667,612723007089.999910000,2818429789445.000200000,2131034188833.999900000,-35.238241944,-96.858510556,-54.589385278,-171.035482778,168.321844444
2014-01-16 00:00:00,67.735994444,191.473420000,231.754282500,2.820860000,2.190799167,6.384154167,191.473420000,60.728169444,7.007825000,-133.329996667,612722997009.999990000,2818429700164.999900000,2131034170114.000100000,-35.238241944,-96.858510556,-54.589385278,-171.035482778,168.321844444
2014-01-15 00:00:00,67.735994444,191.473420000,231.754282500,2.820860000,2.190799167,6.384154167,191.473420000,60.728169444,7.007825000,-133.329996667,612722986930.000060000,2818429610885.000200000,2131034151394.000000000,-35.238241944,-96.858510556,-54.589385278,-171.035482778,168.321844444
2014-01-14 00:00:00,67.735994444,191.473420000,231.754282500,2.820860000,2.190799167,6.384154167,191.473420000,60.728169444,7.007825000,-133.329996667,612722976850.000020000,2818429521604.999800000,2131034132673.999900000,-35.238241944,-96.858510556,-54.589385278,-171.035482778,168.321844444
2014-01-13 00:00:00,67.735994444,191.473420000,231.754282500,2.820860000,2.190799167,6.384154167,191.473420000,60.728169444,7.007825000,-133.329996667,612722966769.999980000,2818429432325.000100000,2131034113953.999800000,-35.238241944,-96.858510556,-54.589385278,-171.035482778,168.321844444
2014-01-12 00:00:00,67.735994444,191.473420000,231.754282500,2.820860000,2.190799167,6.384154167,191.473420000,60.728169444,7.007825000,-133.329996667,612722956689.999930000,2818429343044.999800000,2131034095234.000000000,-35.238241944,-96.858510556,-54.589385278,-171.035482778,168.321844444
2014-01-11 00:00:00,67.735994444,191.473420000,231.754282500,2.820860000,2.190799167,6.384154167,191.473420000,60.728169444,7.007825000,-133.329996667,612722946610.000010000,2818429253765.000100000,2131034076513.999900000,-35.238241944,-96.858510556,-54.589385278,-171.035482778,168.321844444
2014-01-10 00:00:00,67.735994444,191.473420000,231.754282500,2.820860000,2.190799167,6.384154167,191.473420000,60.728169444,7.007825000,-133.329996667,612722936529.999970000,2818429164484.999700000,2131034057793.999900000,-35.238241944,-96.858510556,-54.589385278,-171.035482778,168.321844444
2014-01-09 00:00:00,67.735994444,191.473420000,231.754282500,2.820860000,2.190799167,6.384154167,191.473420000,60.728169444,7.007825000,-133.329996667,612722926450.000040000,2818429075205.000000000,2131034039074.000100000,-35.238241944,-96.858510556,-54.589385278,-171.035482778,168.321844444
2014-01-08 00:00:00,67.735994444,191.473420000,231.754282500,2.820860000,2.190799167,6.384154167,191.473420000,60.728169444,7.007825000,-133.329996667,612722916370.000000000,2818428985924.999700000,2131034020354.000000000,-35.238241944,-96.858510556,-54.589385278,-171.035482778,168.321844444
2014-01-07 00:00:00,67.735994444,191.473420000,231.754282500,2.820860000,2.190799167,6.384154167,191.473420000,60.728169444,7.007825000,-133.329996667,612722906289.999960000,2818428896644.999900000,2131034001633.999900000,-35.238241944,-96.858510556,-54.589385278,-171.035482778,168.321844444
2014-01-06 00:00:00,67.735994444,191.473420000,231.754282500,2.820860000,2.190799167,6.384154167,191.473420000,60.728169444,7.007825000,-133.329996667,612722896210.000030000,2818428807365.000200000,2131033982913.999800000,-35.238241944,-96.858510556,-54.589385278,-171.035482778,168.321844444
2014-01-05 00:00:00,67.735994444,191.473420000,231.754282500,2.820860000,2.190799167,6.384154167,191.473420000,60.728169444,7.007825000,-133.329996667,612722886129.999990000,2818428718084.999900000,2131033964194.000000000,-35.238241944,-96.858510556,-54.589385278,-171.035482778,168.321844444
2014-01-04 00:00:00,67.735994444,191.473420000,231.754282500,2.820860000,2.190799167,6.384154167,191.473420000,60.728169444,7.007825000,-133.329996667,612722876049.999950000,2818428628805.000100000,2131033945473.999900000,-35.238241944,-96.858510556,-54.589385278,-171.035482778,168.321844444
2014-01-03 00:00:00,67.735994444,191.473420000,231.754282500,2.820860000,2.190799167,6.384154167,191.473420000,60.728169444,7.007825000,-133.329996667,612722865970.000020000,2818428539524.999800000,2131033926753.999800000,-35.238241944,-96.858510556,-54.589385278,-171.035482778,168.321844444
2014-01-02 00:00:00,67.735994444,191.473420000,231.754282500,2.820860000,2.190799167,6.384154167,191.473420000,60.728169444,7.007825000,-133.329996667,612722855889.999980000,2818428450245.000100000,2131033908034.000000000,-35.238241944,-96.858510556,-54.589385278,-171.035482778,168.321844444
2014-01-01 00:00:00,67.735994444,191.473420000,231.754282500,2.820860000,2.190799167,6.384154167,191.473420000,60.728169444,7.007825000,-133.329996667,612722845810.000060000,2818428360964.999700000,2131033889314.000000000,-35.238241944,-96.858510556,-54.589385278,-171.035482778,168.321844444
