"Date & Time","use [kWh]","gen [kWh]","Outlet #1 [kWh]","Outlet #2 [kWh]","Outlet #3 [kWh]","Outlet #4 [kWh]","Solar Power [kWh]","Generator Power [kWh]","Grid Power [kWh]","DC Outlets [kWh]","Battery Voltage [Vs]","AC Voltage [Vs]","AC Frequency [Hzs]","out1ap [kWh]","out2ap [kWh]","out3ap [kWh]","out4ap [kWh]","Ap Grid [kWh]"
2014-10-10 00:00:00,43.464140000,1471.754630000,304.604631944,55.037497222,170.058902222,477.945489722,1471.754630000,15.590323889,27.873816111,-399.839363611,917919640200.999970000,6524774784983.999700000,4197415779466.000100000,303.166600833,52.802868611,169.051368889,477.016133333,28.596837222
2014-10-09 00:00:00,43.463296111,1468.056246111,304.599414167,55.033143333,169.041369722,475.488808333,1468.056246111,15.589480000,27.873816111,-398.849594167,915786559300.999990000,6504804609110.000100000,4193095393307.999900000,303.167972500,52.806469444,168.035811667,474.562055833,28.594621111
2014-10-08 00:00:00,43.462392222,1463.418985556,304.325879167,55.029098056,168.036783333,472.662207222,1463.418985556,15.588576111,27.873816111,-397.860685556,913631992231.999990000,6484821051390.000500000,4188775009183.999800000,302.900132222,52.810429444,167.033732778,471.737594444,28.591869167
2014-10-07 00:00:00,43.461416389,1458.275270833,303.358821389,55.025037500,167.852690833,469.932874444,1458.275270833,15.587600278,27.873816111,-396.887986389,911466811805.999990000,6464837544687.999400000,4184454623349.999700000,301.936760000,52.813913889,166.853960000,469.009257778,28.588884722
2014-10-06 00:00:00,43.460611389,1453.686460278,302.215783611,55.020887222,167.724429444,467.939530833,1453.686460278,15.586795278,27.873816111,-395.926561111,909301120094.000100000,6444869955252.000000000,4180134236180.999800000,300.797367222,52.817000278,166.728832222,467.017330833,28.586135556
2014-10-05 00:00:00,43.459940000,1451.088318056,302.210625556,55.016305833,167.640548611,465.283736667,1451.088318056,15.586123889,27.873816111,-394.962126389,907144369575.000040000,6424882010480.999900000,4175813852221.999700000,300.798223889,52.819439444,166.648615833,464.363815000,28.584332222
2014-10-04 00:00:00,43.459018611,1447.672991944,302.205955833,55.012360556,166.995857222,462.599815278,1447.672991944,15.585202500,27.873816111,-393.995974167,904967069287.000060000,6404900494161.000200000,4171493468973.000000000,300.799502500,52.822608611,166.005595278,461.682194722,28.582021944
2014-10-03 00:00:00,43.458302500,1442.575450000,302.087921667,55.008340833,166.710668056,459.857349722,1442.575450000,15.584486389,27.873816111,-393.021365556,902753268376.000040000,6384909149451.999600000,4167173085220.000100000,300.686785000,52.825584722,165.721426389,458.941394167,28.580063333
2014-10-02 00:00:00,43.457623889,1439.388209722,302.060538611,55.003664167,166.670342500,457.880269722,1439.388209722,15.583807778,27.873816111,-392.044077222,900562769633.000010000,6364923813072.999700000,4162852700636.000000000,300.664922222,52.827360000,165.686378333,456.967359444,28.578423056
2014-10-01 00:00:00,43.456765556,1435.916368333,302.055305556,54.999419167,166.141528333,456.862161389,1435.916368333,15.582949444,27.873816111,-391.064991667,898353797419.000020000,6344945787460.000500000,4158532315329.999900000,300.664844167,52.829412222,165.160532500,455.951484444,28.576861667
2014-09-30 00:00:00,43.455789722,1430.996347500,302.033840556,54.995254722,165.932548333,453.622863611,1430.996347500,15.581973611,27.873816111,-390.091026111,896149826590.999960000,6324959521799.999400000,4154211930515.000200000,300.649376667,52.832178611,164.956315556,452.714320000,28.574609167
2014-09-29 00:00:00,43.454806667,1426.385438333,302.029005278,54.990887222,165.809683889,451.247765833,1426.385438333,15.580990556,27.873816111,-389.117063333,893942892203.000060000,6304959223392.000100000,4149891545924.999700000,300.650121111,52.834195556,164.839018889,450.341564167,28.572662500
2014-09-28 00:00:00,43.453782222,1421.459838611,302.024334722,54.986855278,165.274696667,449.068146667,1421.459838611,15.579966111,27.873816111,-388.143764444,891744878160.000080000,6284975863312.000000000,4145571161412.000000000,300.650988333,52.836901667,164.307283056,448.164084167,28.570580556
2014-09-27 00:00:00,43.450575000,1416.768578056,302.017637500,54.981567500,164.258480556,447.169778889,1416.768578056,15.576758889,27.873816111,-387.168053333,889556195949.000000000,6264997931816.999900000,4141250777354.000200000,300.649559722,52.838264722,163.292845000,446.268600000,28.567219167
2014-09-26 00:00:00,43.449248611,1412.001791111,302.011680556,54.976501389,164.038267222,444.785653889,1412.001791111,15.575432500,27.873816111,-386.196845278,887367257431.999920000,6245006173565.000200000,4136930392836.999800000,300.649136944,52.839818611,163.074063333,443.886713889,28.565296667
2014-09-25 00:00:00,43.448349167,1407.050344444,302.006647778,54.972056667,163.494848333,442.413118056,1407.050344444,15.574536389,27.873812778,-385.232753333,885186671653.000110000,6225018797303.999600000,4132610009269.000200000,300.650275556,52.842537500,162.531755278,441.515400000,28.563233889
2014-09-24 00:00:00,43.447076389,1401.535908333,300.313778889,54.968302222,163.066696111,440.031472500,1401.535908333,15.573263611,27.873812778,-384.268744722,883013234159.000030000,6205042478438.999600000,4128289626531.000100000,298.961173889,52.846839444,162.105119722,439.135190833,28.559587222
2014-09-23 00:00:00,43.446271389,1396.849605278,300.309088889,54.964094444,162.662869444,437.611397222,1396.849605278,15.572458611,27.873812778,-383.304138889,880835923072.999950000,6185058044819.999900000,4123969242050.999900000,298.962195556,52.849355556,161.704883889,436.717472500,28.557575833
2014-09-22 00:00:00,43.445242500,1392.484258889,298.683702500,54.960238611,162.253850000,435.209161944,1392.484258889,15.571429722,27.873812778,-382.342145278,878666164496.999970000,6165079341337.000100000,4119648858432.999800000,297.340162222,52.853594167,161.300639167,434.317758889,28.553967778
2014-09-21 00:00:00,43.444253056,1387.573492222,298.679138889,54.956236111,161.582948889,432.640577778,1387.573492222,15.570440278,27.873812778,-381.379020000,876476176137.999890000,6145087853874.000300000,4115328474491.999700000,297.341706944,52.856752500,160.633491944,431.751156111,28.551686111
2014-09-20 00:00:00,43.443403333,1384.407120833,298.674253889,54.951959167,161.318026667,430.383674722,1384.407120833,15.569590556,27.873812778,-380.411653333,874291591972.999930000,6125093200758.999500000,4111008088885.999900000,297.342557222,52.859156111,160.372425556,429.496597500,28.549706389
2014-09-19 00:00:00,43.442303889,1379.757061111,297.217269444,54.948043056,160.934426667,428.403131389,1379.757061111,15.568491111,27.873812778,-379.436491667,872094506883.000010000,6105106877144.999500000,4106687704161.000200000,295.889029444,52.862820278,159.992938611,427.518463611,28.546396111
2014-09-18 00:00:00,43.441523889,1375.641448611,296.845266944,54.943544167,160.784216667,426.619035556,1375.641448611,15.567711111,27.873812778,-378.430676111,869891123450.999970000,6085108766371.999900000,4102367321330.000100000,295.522101944,52.865146944,159.845151944,425.737512778,28.544316389
2014-09-17 00:00:00,43.440734444,1370.591433889,296.839749167,54.938591389,160.593649444,424.678368333,1370.591433889,15.566921667,27.873812778,-377.427414444,867683002212.000130000,6065105288636.000100000,4098046939204.999800000,295.522836667,52.867287500,159.655308056,423.799299722,28.542660000
2014-09-16 00:00:00,43.439712778,1365.898325000,296.288799444,54.934706667,160.086935556,422.381441111,1365.898325000,15.565900000,27.873812778,-376.428410556,865493010376.000040000,6045113826627.000500000,4093726556725.999700000,294.976685000,52.870527500,159.149353333,421.504356944,28.539878611
2014-09-15 00:00:00,43.438726111,1360.689206667,295.184023889,54.930818333,160.071500556,420.125398056,1360.689206667,15.564913333,27.873812778,-375.425221389,863301326478.000040000,6025121922710.000200000,4089406175102.000200000,293.875448333,52.873690833,159.135128611,419.250269722,28.536926111
2014-09-14 00:00:00,43.437914444,1355.264944444,295.179260278,54.926600000,159.977137222,417.579001389,1355.264944444,15.564101667,27.873812778,-374.424631111,861112086240.999930000,6005116242452.000300000,4085085793133.000100000,293.876549444,52.876066389,159.041833889,416.706021667,28.534880278
2014-09-13 00:00:00,43.436907500,1350.505080278,295.174753611,54.922694444,159.574916389,414.521486944,1350.505080278,15.563094722,27.873812778,-373.435073611,858939456236.999980000,5985129080788.999700000,4080765412918.999700000,293.878226667,52.879230833,158.640614167,413.649503889,28.532578333
2014-09-12 00:00:00,43.435686111,1345.815361111,294.023763889,54.919149444,159.492224444,412.209861667,1345.815361111,15.561873333,27.873812778,-372.451463611,856769888501.000040000,5965157284026.000400000,4076445031104.000200000,292.729313889,52.882504444,158.558820000,411.338947500,28.529300278
2014-09-11 00:00:00,43.434439167,1341.013878889,293.009884722,54.915613333,159.325271389,410.070248889,1341.013878889,15.560626389,27.873812778,-371.463055000,854593328264.000050000,5945186821940.000000000,4072124647989.000000000,291.716517778,52.885653333,158.392613889,409.201490000,28.526230278
2014-09-10 00:00:00,43.433418889,1335.698398889,291.963552222,54.911984722,159.258322778,407.295080833,1335.698398889,15.559606111,27.873812778,-370.463431389,852413538093.999980000,5925200876234.999800000,4067804265896.999800000,290.674060000,52.888953056,158.326884444,406.427013611,28.523006667
2014-09-09 00:00:00,43.432460833,1331.430409722,291.103848611,54.907826389,159.056838333,405.278442222,1331.430409722,15.558648056,27.873812778,-369.455438611,850233341480.000010000,5905216853932.000300000,4063483882542.999900000,289.817895833,52.891916111,158.125872778,404.410425278,28.520403889
2014-09-08 00:00:00,43.431819167,1326.761240000,291.055067778,54.903392222,158.844175278,403.619348611,1326.761240000,15.558006389,27.873812778,-368.454490556,848048603490.000000000,5885222256164.000000000,4059163498547.999800000,289.774524167,52.893932778,157.913237778,402.752624722,28.518610000
2014-09-07 00:00:00,43.431021111,1322.097504444,291.050547778,54.899430833,158.089334444,401.545793611,1322.097504444,15.557208333,27.873812778,-367.462059722,845876217730.000010000,5865232621942.000300000,4054843115942.999700000,289.775898889,52.896928889,157.158405000,400.681255556,28.516493889
2014-09-06 00:00:00,43.429528611,1318.050177500,291.045231111,54.894888056,157.297092778,399.731570278,1318.050177500,15.555719167,27.873809444,-366.464605278,843708618858.000040000,5845249727423.000300000,4050522733474.000000000,289.776133611,52.899115000,156.366172222,398.868115833,28.513897222
2014-09-05 00:00:00,43.428611667,1315.812089722,289.710504722,54.890492778,157.050672222,397.783991667,1315.812089722,15.554802222,27.873809444,-365.465434444,841557027305.999990000,5825279687771.999800000,4046202349302.999900000,288.445420556,52.902525000,156.119751667,396.920561389,28.510812222
2014-09-04 00:00:00,43.427732500,1310.957535000,288.201863889,54.886761389,156.758909444,396.863283611,1310.957535000,15.553923056,27.873809444,-364.456824722,839363918606.999990000,5805306473509.000500000,4041881967093.999900000,286.940161944,52.905623611,155.827991667,396.001013611,28.507869167
2014-09-03 00:00:00,43.426581389,1307.778160833,286.659779167,54.882696667,156.067294722,395.943915278,1307.778160833,15.552771944,27.873809444,-363.451908333,837188062139.999980000,5785332590109.000200000,4037561583916.000100000,285.401581111,52.909477222,155.136472222,395.084784167,28.504868056
2014-09-02 00:00:00,43.425737500,1305.629624167,285.892299722,54.878323056,155.907595833,394.670898611,1305.629624167,15.551928056,27.873809444,-362.445422222,834997653963.999980000,5765348662609.000200000,4033241201202.999900000,284.637928056,52.911939444,154.976890556,393.812643889,28.502578333
2014-09-01 00:00:00,43.424812222,1301.353345000,284.311565000,54.874300833,155.855560278,394.053010000,1301.353345000,15.551002778,27.873809444,-361.440224444,832781711787.999980000,5745366867783.999400000,4028920817738.999700000,283.060591944,52.914513611,154.924898611,393.195875000,28.499805000
2014-08-31 00:00:00,43.424026111,1298.083245833,284.306868056,54.870157778,155.362656667,392.363888889,1298.083245833,15.550216667,27.873809444,-360.433073333,830569353654.000040000,5725382104053.000200000,4024600435216.000000000,283.061544167,52.916962500,154.432062500,391.509207222,28.497875000
2014-08-30 00:00:00,43.423436667,1295.579699444,284.302008611,54.865893333,155.057778056,391.448789722,1295.579699444,15.549627222,27.873809444,-359.422486667,828351298385.999910000,5705390827479.000000000,4020280052548.999700000,283.061787222,52.918623333,154.127220000,390.596348056,28.496381667
2014-08-29 00:00:00,43.422830000,1292.366452222,284.296918333,54.861285000,154.873377778,390.434675833,1292.366452222,15.549020556,27.873809444,-358.408429167,826128303503.000020000,5685402875446.000000000,4015959669078.000100000,283.062034722,52.920056667,153.942916389,389.584775556,28.495000000
2014-08-28 00:00:00,43.422123889,1289.714543611,284.291874722,54.856789722,154.803018611,389.603566944,1289.714543611,15.548314444,27.873809444,-357.398952500,823912277597.999930000,5665410407424.999400000,4011639286765.999700000,283.061980278,52.921294167,153.872595556,388.756287222,28.493768611
2014-08-27 00:00:00,43.421498611,1286.099591111,283.969437500,54.852696667,154.361305556,388.701931389,1286.099591111,15.547689167,27.873809444,-356.394072778,821692358087.000010000,5645427970853.999800000,4007318904236.999700000,282.744047500,52.923364444,153.430917222,387.857001944,28.491902500
2014-08-26 00:00:00,43.420876944,1282.159585000,283.727031389,54.848192500,154.255055556,387.819692778,1282.159585000,15.547067500,27.873809444,-355.388261944,819480249172.000050000,5625442625336.999800000,4002998519717.000100000,282.506481389,52.924927222,153.324699167,386.977231667,28.490351667
2014-08-25 00:00:00,43.419981111,1280.271011667,283.568240000,54.844053889,153.761923333,386.423252500,1280.271011667,15.546171667,27.873809444,-354.387993611,817292786139.000050000,5605464513916.000100000,3998678137753.999800000,282.352709444,52.927293889,152.833691389,385.583433056,28.488544444
2014-08-24 00:00:00,43.419261944,1276.742945000,283.563654167,54.840068611,153.216261667,384.806421667,1276.742945000,15.545452500,27.873809444,-353.386873889,815073497031.999940000,5585481335325.000200000,3994357756363.999800000,282.353768333,52.929804167,152.289851944,383.968180833,28.486831944
2014-08-23 00:00:00,43.418219167,1272.459865556,283.558617778,54.835787778,152.669882500,383.844275000,1272.459865556,15.544409722,27.873809444,-352.382611389,812845421828.999990000,5565495156444.000000000,3990037372900.000200000,282.353841667,52.931575278,151.745681944,383.009055278,28.484978333
2014-08-22 00:00:00,43.417545556,1268.422932500,281.978423056,54.832013611,152.147152222,382.756138889,1268.422932500,15.543736111,27.873809444,-351.381316944,810643471422.000050000,5545516023501.000400000,3985716991596.000100000,280.777563611,52.935446944,151.227380556,381.923150000,28.482145833
2014-08-21 00:00:00,43.416826667,1263.786006667,280.980319722,54.828330278,151.820136944,380.797800278,1263.786006667,15.543017222,27.873809444,-350.385242778,808432788995.000000000,5525541721908.999600000,3981396610507.000000000,279.783403056,52.939035556,150.902173056,379.965767500,28.479519444
2014-08-20 00:00:00,43.415907778,1259.261404722,279.541969722,54.824503889,151.216370000,379.489624167,1259.261404722,15.542098333,27.873809444,-349.383491944,806218643345.000020000,5505564955821.000300000,3977076227268.000200000,278.349137222,52.942594444,150.298448333,378.658862222,28.476553611
2014-08-19 00:00:00,43.415761667,1254.561656389,278.117049444,54.820815556,150.796721667,378.528825278,1254.561656389,15.541952222,27.873809444,-348.375588889,803996193943.000070000,5485586789024.000100000,3972755843256.000200000,276.927671667,52.946575556,149.879168889,377.700713889,28.474276667
2014-08-18 00:00:00,43.416241667,1250.657998611,276.951874444,54.817178889,150.444827222,377.647295556,1250.657998611,15.542432222,27.873809444,-347.365961667,801777065521.000020000,5465610527894.999900000,3968435459481.999800000,275.765942500,52.950779444,149.527300278,376.821657778,28.472839722
2014-08-17 00:00:00,43.417914444,1247.200591111,276.947813333,54.813617222,149.934617222,376.184510278,1247.200591111,15.544105000,27.873809444,-346.357373333,799557783556.999920000,5445633031631.000000000,3964115076843.000000000,275.769287500,52.955561389,149.017106389,375.360776389,28.472915833
2014-08-16 00:00:00,43.417096389,1243.530517778,276.943054722,54.809467222,149.505831111,374.702304167,1243.530517778,15.543286944,27.873809444,-345.342770000,797330646379.999990000,5425639902789.000200000,3959794694092.000100000,275.770100833,52.957760278,148.591170556,373.880020556,28.471123056
2014-08-15 00:00:00,43.417040556,1239.163650556,276.938782222,54.805806111,148.759531944,373.123762778,1239.163650556,15.543231111,27.873809444,-344.330405000,795102392552.999970000,5405654373027.000400000,3955474311531.999700000,275.771990278,52.961237778,147.848706944,372.302838056,28.469858056
2014-08-14 00:00:00,43.416425556,1234.251157778,276.156485556,54.801656944,148.573870556,371.876932778,1234.251157778,15.542616111,27.873809444,-343.320863889,792884716802.000040000,5385676846802.999900000,3951153928033.999800000,274.993243889,52.963680000,147.665139167,371.058680556,28.467771111
2014-08-13 00:00:00,43.415816389,1230.425750833,276.151560833,54.797499722,148.025268611,370.327193889,1230.425750833,15.542006944,27.873809444,-342.314000278,790683876473.999970000,5365692102886.000200000,3946833544383.000100000,274.993823056,52.965996111,147.119341111,369.509875278,28.466094722
2014-08-12 00:00:00,43.414569444,1226.275128611,275.662571111,54.793676667,147.624655278,367.108735833,1226.275128611,15.540760000,27.873809444,-341.309256389,788470508259.000060000,5345725244760.000100000,3942513163651.000200000,274.509926944,52.969593611,146.722775833,366.292235000,28.463230000
2014-08-11 00:00:00,43.413751944,1221.969271667,274.827722778,54.789981389,147.123654167,365.682334722,1221.969271667,15.539942500,27.873809444,-340.297242778,786251191049.999950000,5325752893576.999900000,3938192780461.999700000,273.678400556,52.972805833,146.226243611,364.867536111,28.460721944
2014-08-10 00:00:00,43.412972778,1219.635443889,274.822946944,54.785835278,146.571537778,364.732626111,1219.635443889,15.539163333,27.873809444,-339.289026389,784041273189.000010000,5305770790047.000000000,3933872396183.000200000,273.678762500,52.974787222,145.677500278,363.919937222,28.459168611
2014-08-09 00:00:00,43.412062778,1216.165958611,274.462868611,54.781684444,145.991155000,363.986214722,1216.165958611,15.538253333,27.873809444,-338.275990000,781816404327.000020000,5285798571337.000100000,3929552014690.999900000,273.322378611,52.976943056,145.101413889,363.174915000,28.457300833
2014-08-08 00:00:00,43.411209167,1212.784796944,274.458210556,54.777637222,145.524626667,362.776916111,1212.784796944,15.537399722,27.873809444,-337.261756667,779595129075.999970000,5265820380652.999800000,3925231631597.999900000,273.322774722,52.978843333,144.638890278,361.967029722,28.455686944
2014-08-07 00:00:00,43.410243333,1210.040443333,274.453451667,54.773536667,145.114535833,361.332775833,1210.040443333,15.536433889,27.873809444,-336.247848611,777378321093.000050000,5245841838500.999800000,3920911248834.000200000,273.323272778,52.980880556,144.232531667,360.523404444,28.453888056
2014-08-06 00:00:00,43.409495833,1206.904019167,274.176892778,54.770686111,144.617666667,360.333666111,1206.904019167,15.535686389,27.873809444,-335.223793889,775144196976.000070000,5230724587333.999800000,3910687101959.000200000,273.049675556,52.982785556,143.737505000,359.524313889,28.452419722
2014-08-05 00:00:00,43.408763333,1204.457490556,273.292449444,54.768096389,144.070405556,359.791098333,1204.457490556,15.534953889,27.873809444,-334.202814444,772920008260.999910000,5217167205594.000200000,3895790061087.999900000,272.166881389,52.985113333,143.191949722,358.983498056,28.450528056
2014-08-04 00:00:00,43.408242222,1202.660315000,273.287691111,54.763582500,144.065498056,359.785975833,1202.660315000,15.534432778,27.873809444,-333.181075556,770681544125.000000000,5197185169550.999900000,3891469676434.999700000,272.166925556,52.985692778,143.192087778,358.983405000,28.449664167
2014-08-03 00:00:00,43.407600833,1200.909995000,273.283054167,54.759025278,144.060603333,359.780761667,1200.909995000,15.533791389,27.873809444,-332.159673056,768445861601.999990000,5177203793400.999900000,3887149292878.000100000,272.167052500,52.986129444,143.192141111,358.983052778,28.448845278
2014-08-02 00:00:00,43.406963889,1199.080645556,273.278301667,54.754429722,144.055772222,359.775555000,1199.080645556,15.533154444,27.873809444,-331.140989722,766210747062.000030000,5157219678244.000000000,3882828909952.999900000,272.167158889,52.986696389,143.192331667,358.982827222,28.448106667
2014-08-01 00:00:00,43.406290000,1197.272916389,273.273625278,54.749926111,144.050923333,359.770404722,1197.272916389,15.532480556,27.873809444,-330.121060278,763978318253.000020000,5137233623083.000100000,3878508525753.999900000,272.167306944,52.987363333,143.192516667,358.982597222,28.447210833
2014-07-31 00:00:00,43.405762222,1194.985996111,273.268830833,54.745295833,144.045900000,359.765171667,1194.985996111,15.531952778,27.873809444,-329.101623889,761742940463.999980000,5117242851570.000000000,3874188143109.999800000,272.167551944,52.988005556,143.192703056,358.982406944,28.446321111
2014-07-30 00:00:00,43.405243333,1192.258482222,273.257037222,54.733385000,144.040900000,359.759921111,1192.258482222,15.531433889,27.873809444,-328.081736389,759510659360.999940000,5097261187777.000000000,3869867759921.000000000,272.159879722,52.980108333,143.192801944,358.982214444,28.445452222
2014-07-29 00:00:00,43.405254722,1187.748012778,273.254218333,54.722257222,144.038052500,359.757071667,1187.748012778,15.531445278,27.873809444,-327.058667222,757286658008.000010000,5086386044567.999800000,3859450456007.000200000,272.159692778,52.970778889,143.192766667,358.982210556,28.445330000
2014-07-28 00:00:00,43.405978889,1182.708451667,273.253879444,54.722223611,144.037765833,359.757063889,1182.708451667,15.532169444,27.873809444,-326.039274444,755099159881.999960000,5086255057409.999900000,3840162932093.999900000,272.159355556,52.970841389,143.192481111,358.982342500,28.446172222
2014-07-27 00:00:00,43.406571944,1180.139897500,273.252254444,54.714205833,144.036253889,359.755742222,1180.139897500,15.532762500,27.873809444,-325.064504167,752959772483.999960000,5081498609951.000200000,3822549057936.000200000,272.158919722,52.963405000,143.192237500,358.982540000,28.446742222
2014-07-26 00:00:00,43.407493333,1180.190087778,273.251545556,54.714203889,144.035900278,359.755741667,1180.190087778,15.533683889,27.873809444,-324.162736667,750851859713.000050000,5081364635404.999800000,3801113114591.000000000,272.158210833,52.963610556,143.191883889,358.982894444,28.447738333
2014-07-25 00:00:00,43.408406944,1180.233576667,273.250820556,54.714203056,144.035543611,359.755741667,1180.233576667,15.534597500,27.873809444,-323.257865000,748738107348.999970000,5081230734355.999800000,3779190167760.999700000,272.157485833,52.963817500,143.191527222,358.983240000,28.448726667
2014-07-24 00:00:00,43.408777778,1180.304993056,272.741659722,54.711542778,143.770982500,359.209726667,1180.304993056,15.534968333,27.873809444,-322.305668889,746619200975.000020000,5069558496995.999800000,3767868514666.000000000,271.650614167,52.965876944,142.927059722,358.438497778,28.447547500
2014-07-23 00:00:00,43.408371111,1180.406914722,271.814407222,54.707236667,143.322256944,358.409850556,1180.406914722,15.534561667,27.873809444,-321.281007500,744477421911.999940000,5049601508008.000200000,3763548141402.999700000,270.726384167,52.968979444,142.478372778,357.639244167,28.445418056
2014-07-22 00:00:00,43.407945278,1180.515235000,270.942313056,54.702859722,143.244867500,357.804782500,1180.515235000,15.534135833,27.873809444,-320.251738056,742308654572.999950000,5029634422166.000000000,3759227768105.999800000,269.857771944,52.971186111,142.403731944,357.036788611,28.443525556
2014-07-21 00:00:00,43.407509167,1180.372606944,270.002812500,54.699558333,143.240954444,357.800408333,1180.372606944,15.533699722,27.873809444,-319.210404167,740105391085.000030000,5014948913015.000200000,3751835902996.000000000,268.919864167,52.972558333,142.404138333,357.036778889,28.442152778
2014-07-20 00:00:00,43.408058611,1179.184272500,270.002653889,54.699450278,143.240756111,357.800399167,1179.184272500,15.534249167,27.873809444,-318.159953333,737858752572.999950000,5014820105996.000100000,3735500157179.999900000,268.919709167,52.972457778,142.403941944,357.036841667,28.442906667
2014-07-19 00:00:00,43.408320833,1177.155758333,270.001266389,54.698201944,143.206950278,357.789850833,1177.155758333,15.534511389,27.873809444,-317.113980833,735616745016.999950000,5009523545916.000000000,3721366941115.000200000,268.919503889,52.972607500,142.370143889,357.027296667,28.443228333
2014-07-18 00:00:00,43.409293889,1173.671387778,269.046710278,54.694120000,142.885178333,357.404268889,1173.671387778,15.535484444,27.873809444,-316.070944444,733389376730.000010000,4989547929169.999900000,3717046556845.999900000,267.969881944,52.976441667,142.048442222,356.644318611,28.442534167
2014-07-17 00:00:00,43.409001389,1171.029326944,268.770616667,54.689932222,142.559589167,356.497061389,1171.029326944,15.535191944,27.873809444,-315.026000000,731170585322.000020000,4969565295850.999900000,3712726171499.999700000,267.698364722,52.978410556,141.725318056,355.739195833,28.441138333
2014-07-16 00:00:00,43.408423611,1168.775196389,268.753462778,54.685265556,142.399434722,356.066394167,1168.775196389,15.534614167,27.873809444,-313.982426389,728940736694.000000000,4949587542616.000100000,3708405788004.000100000,267.685077222,52.979098889,141.566950556,355.310303056,28.439934167
2014-07-15 00:00:00,43.407663333,1165.559091389,268.110336944,54.680732500,142.136768611,355.418328889,1165.559091389,15.533853889,27.873809444,-312.945603333,726711370205.000040000,4929613493335.000200000,3704085402486.000000000,267.044488056,52.980541667,141.304322222,354.663118056,28.438041667
2014-07-14 00:00:00,43.406958056,1163.087411667,268.102052222,54.676088056,141.959581944,354.955932778,1163.087411667,15.533148611,27.873809444,-311.904239722,724483943577.999940000,4909627032871.999700000,3699765019585.000200000,267.039740278,52.981280833,141.127530833,354.202335000,28.436803889
2014-07-13 00:00:00,43.406214444,1160.401261111,268.097349722,54.671563056,141.242425000,354.422752222,1160.401261111,15.532405000,27.873809444,-310.846375556,722259303260.999910000,4889641798781.999900000,3695444635202.999700000,267.040861389,52.982940000,140.410393333,353.671073611,28.435271944
2014-07-12 00:00:00,43.405461111,1157.935438611,268.092881944,54.667113056,140.778876389,353.861866111,1157.935438611,15.531651667,27.873809444,-309.782059444,720031710310.000060000,4869655673500.999800000,3691124256712.999900000,267.041911389,52.984193889,139.947327222,353.111680000,28.433851667
2014-07-11 00:00:00,43.404832222,1155.415855556,268.088277778,54.662421944,140.730039722,353.258843889,1155.415855556,15.531022778,27.873809444,-308.715070000,717802691397.000070000,4849668188787.999700000,3686803884580.000000000,267.042758611,52.984883056,139.898517500,352.510647222,28.432638611
2014-07-10 00:00:00,43.404105278,1153.308746111,268.083568056,54.657554167,140.681051667,352.588943056,1153.308746111,15.530295833,27.873809444,-307.644583333,715583544314.999930000,4829679247207.999800000,3682483511310.999900000,267.043610556,52.985665000,139.849601389,351.842928333,28.431341111
2014-07-09 00:00:00,43.403475556,1151.169163333,268.079051944,54.653010000,140.632698333,351.784986667,1151.169163333,15.529666111,27.873809444,-306.578533333,713358993875.000000000,4809696966295.999800000,3678163137504.000000000,267.044498611,52.986485000,139.801276944,351.040616944,28.429983611
2014-07-08 00:00:00,43.402812778,1148.320941667,268.074490000,54.648422500,140.242516111,351.245762500,1148.320941667,15.529003333,27.873809444,-305.515665556,711125368302.999970000,4789705676251.999700000,3673842766259.999800000,267.045554444,52.987644167,139.411112500,350.503401944,28.428505833
2014-07-07 00:00:00,43.402191389,1144.775432222,268.070023889,54.644058611,139.698920556,350.551745278,1144.775432222,15.528381944,27.873809444,-304.448836111,708894148752.000090000,4769721645429.999800000,3669522393349.999700000,267.046771389,52.989175556,138.867537500,349.811110556,28.427015000
2014-07-06 00:00:00,43.401384167,1142.379331111,268.065788056,54.639934444,138.841901944,349.632230556,1142.379331111,15.527574722,27.873809444,-303.386933333,706688161847.999930000,4749752106999.999800000,3665202020181.000200000,267.048353333,52.991353333,138.010534722,348.892395556,28.425164722
2014-07-05 00:00:00,43.400519167,1139.330266389,268.061330278,54.635723611,137.903571111,348.951688333,1139.330266389,15.526709722,27.873809444,-302.321888056,704458362740.999930000,4729779262153.999800000,3660881646656.000000000,267.049845833,52.993462778,137.072244167,348.212728333,28.423402778
2014-07-04 00:00:00,43.400180000,1137.576205833,268.058776389,54.633235833,137.700198333,348.107178611,1137.576205833,15.526370556,27.873809444,-301.250713611,702224970014.000050000,4718363046121.000000000,3643415322709.000100000,267.050753333,52.994458056,136.868920556,347.368713611,28.422593333
2014-07-03 00:00:00,43.399730000,1134.987963611,268.055588611,54.630076389,137.406190000,347.426518611,1134.987963611,15.525920556,27.873809444,-300.189177500,699989116802.000040000,4704172107743.999900000,3630894958632.000000000,267.051597222,52.995445833,136.574980833,346.688304167,28.421611667
2014-07-02 00:00:00,43.399075278,1132.791989167,268.050831667,54.625274444,137.357127778,347.004376667,1132.791989167,15.525265833,27.873809444,-299.131913333,697753593226.000070000,4684177026330.000100000,3626574576769.999800000,267.052213889,52.995961389,136.525940833,346.267313056,28.420444167
2014-07-01 00:00:00,43.398496667,1130.094536667,268.046281667,54.620701944,137.261504722,346.311365278,1130.094536667,15.524687222,27.873809444,-298.073696667,695519174902.999990000,4664185599503.999900000,3622254193155.999700000,267.053069444,52.996798333,136.430340556,345.575717778,28.419238056
2014-06-30 00:00:00,43.397773333,1126.829193889,268.041908889,54.616193056,137.043103611,345.182428056,1126.829193889,15.523963889,27.873809444,-297.019526389,693286671752.000090000,4644194589277.999900000,3617933808579.000200000,267.054442500,52.997995833,136.211959722,344.448351944,28.417740556
2014-06-29 00:00:00,43.396980833,1124.350150000,268.037491667,54.611895000,136.378580000,343.839698056,1124.350150000,15.523171389,27.873809444,-295.961390278,691061071090.999960000,4624220008432.999800000,3613603015267.999700000,267.056061111,52.999909722,135.549229167,343.108043889,28.415832500
2014-06-28 00:00:00,43.396454444,1122.332954167,268.032636944,54.606898333,136.373662500,343.834638611,1122.332954167,15.522645000,27.873809444,-294.896820278,688819637871.999970000,4604225826862.000200000,3609282644865.999800000,267.056334722,52.999958056,135.549407500,343.108005556,28.414898333
2014-06-27 00:00:00,43.395883056,1119.565671667,268.027943611,54.602114167,136.341498611,343.401129722,1119.565671667,15.522073611,27.873809444,-293.833842222,686584667404.999970000,4584233697049.000200000,3604962275281.000100000,267.057052222,53.000399722,135.519541667,342.676743611,28.413746944
2014-06-26 00:00:00,43.395051389,1116.165861389,268.023686389,54.597745833,136.084822222,341.904941389,1116.165861389,15.521241944,27.873809444,-292.767013889,684353862444.999930000,4564255510467.000000000,3600641906995.999800000,267.058583611,53.001747778,135.262892778,341.181711389,28.412029444
2014-06-25 00:00:00,43.394242778,1112.141194444,268.019330278,54.593424444,135.798506667,340.550493889,1112.141194444,15.520433333,27.873809444,-291.702226944,682117139590.999960000,4544267061830.000200000,3596321537592.999900000,267.060105278,53.003272778,134.976583611,339.828947222,28.410258611
2014-06-24 00:00:00,43.393444722,1108.588915278,268.015251667,54.579040556,135.550918611,338.904791944,1108.588915278,15.519635278,27.873809444,-290.627707222,679894787506.000040000,4524287646718.999700000,3592001167664.999900000,267.061755556,52.994551389,134.729011944,338.184548611,28.408460278
2014-06-23 00:00:00,43.392444722,1103.765164722,268.011046944,54.575094722,135.337906667,336.821103889,1103.765164722,15.518635278,27.873809444,-289.539066667,677658628449.000000000,4504304146478.999800000,3587680798199.999900000,267.063567500,52.996607222,134.516009722,336.102578889,28.406466667
2014-06-22 00:00:00,43.390942778,1099.766809167,268.007699167,54.572334444,132.545917222,335.733781111,1099.766809167,15.517133333,27.873809444,-288.451311111,675452903722.999930000,4484334164585.999800000,3583360427263.000000000,267.066845833,53.002003333,131.724022500,335.016884722,28.403257500
2014-06-21 00:00:00,43.389950000,1096.472616111,268.003650833,54.568674444,132.063121944,334.514588333,1096.472616111,15.516140556,27.873809444,-287.358155278,673223249884.000060000,4464350854521.999900000,3579040057228.000100000,267.068363333,53.004034722,131.241246667,333.799544167,28.401357778
2014-06-20 00:00:00,43.389090556,1094.011170278,267.999977222,54.565281667,131.325643056,333.244437222,1094.011170278,15.515281111,27.873809444,-286.266545278,671004691235.000010000,4444381794068.999800000,3574719687197.999900000,267.070138889,53.006438333,130.503770556,332.531046944,28.399143611
2014-06-19 00:00:00,43.388976667,1092.724552778,267.997896111,54.563485833,131.173948611,332.092859722,1092.724552778,15.515167222,27.873809444,-285.192703611,668767256294.999950000,4433963057552.999800000,3565973732045.000100000,267.071208056,53.007691667,130.352078056,331.379537500,28.398405278
2014-06-18 00:00:00,43.389683333,1091.772712778,267.997836111,54.563367222,131.173733611,332.092827778,1091.772712778,15.515873889,27.873809444,-284.137312778,666514431614.000080000,4433834790744.000000000,3551134850475.000100000,267.071179444,53.007575833,130.351864444,331.379620556,28.399331667
2014-06-17 00:00:00,43.390365556,1090.721027500,267.997743056,54.563229722,131.173500278,332.092783056,1090.721027500,15.516556111,27.873809444,-283.075982778,664261708509.000060000,4433706731273.000200000,3537085196205.999800000,267.071098056,53.007441389,130.351633611,331.379687222,28.400227500
2014-06-16 00:00:00,43.391012500,1089.738686944,267.997623611,54.563093611,131.173238056,332.092712500,1089.738686944,15.517203056,27.873809444,-282.018507500,662014316162.999980000,4433579438495.000000000,3523776148795.999800000,267.070982778,53.007317500,130.351378056,331.379704167,28.401066111
2014-06-15 00:00:00,43.391679444,1088.513393056,267.997521111,54.562963056,131.172996389,332.092658611,1088.513393056,15.517870000,27.873809444,-280.961112778,659765754893.999930000,4433451925173.000000000,3509904822383.000200000,267.070887778,53.007193889,130.351140000,331.379745833,28.401935833
2014-06-14 00:00:00,43.392328889,1087.152858056,267.997410833,54.562832778,131.172751111,332.092597222,1087.152858056,15.518519444,27.873809444,-279.905678889,657521199439.000010000,4433324398101.000100000,3496195041144.000200000,267.070785833,53.007078333,130.350903889,331.379780000,28.402794167
2014-06-13 00:00:00,43.392978056,1085.341144722,267.997308889,54.562700833,131.172503611,332.092539722,1085.341144722,15.519168611,27.873809444,-278.853305278,655281309889.000050000,4433196796159.999900000,3482600685770.000200000,267.070693611,53.006958333,130.350662222,331.379803889,28.403661111
2014-06-12 00:00:00,43.392751667,1081.225469167,267.503525556,54.560589722,131.052376389,331.752062500,1081.225469167,15.518942222,27.873809444,-277.811633889,653057245055.000060000,4421998916768.000100000,3473794415410.000000000,266.577982222,53.008160833,130.230536667,331.040588889,28.402726111
2014-06-11 00:00:00,43.391855000,1076.248761667,267.000249722,54.556576667,130.883615278,330.224693889,1076.248761667,15.518045556,27.873809444,-276.773793611,650848726177.000040000,4402026869391.999800000,3469474042372.000200000,266.078301667,53.010385833,130.061808611,329.515529722,28.400409444
2014-06-10 00:00:00,43.390898611,1072.541750278,266.311302222,54.547645000,130.460017500,328.745468889,1072.541750278,15.517089167,27.873809444,-275.738323611,648665710131.999960000,4382066839132.999700000,3465153668187.000100000,265.392643889,53.006896111,129.638210833,328.036829167,28.397799444
2014-06-09 00:00:00,43.389896667,1069.493988056,264.851688611,54.544455556,130.030773056,327.553130278,1069.493988056,15.516087222,27.873809444,-274.702582778,646477498513.000010000,4362098006815.999700000,3460833293851.000000000,263.935570556,53.010237778,129.208966944,326.844492222,28.394400278
2014-06-08 00:00:00,43.389179722,1064.265741111,264.847252222,54.540678889,129.550473333,326.267393056,1064.265741111,15.515370278,27.873809444,-273.666562778,644264100625.000000000,4342105303955.000000000,3456512920906.000100000,263.936339167,53.012221667,128.728668611,325.559892222,28.392558611
2014-06-07 00:00:00,43.388075000,1060.664582222,263.214808056,54.537470833,129.072394444,324.455027500,1060.664582222,15.514265556,27.873809444,-272.633896944,642073749169.999950000,4322129537225.999800000,3452192549915.999700000,262.306922222,53.016272222,128.250601389,323.749380000,28.388635000
2014-06-06 00:00:00,43.387052778,1056.696326944,262.864062222,54.533839444,128.723480556,322.635228611,1056.696326944,15.513243333,27.873809444,-271.595223333,639857163662.999980000,4302152343833.000000000,3447872176597.999900000,261.959590556,53.018795000,127.901693056,321.930474722,28.386388611
2014-06-05 00:00:00,43.386096389,1051.234936111,261.559395000,54.525514444,127.913602222,321.257795000,1051.234936111,15.512286944,27.873809444,-270.556765000,637643460424.999950000,4282186176266.000200000,3443551803360.999800000,260.657091111,53.016256389,127.091825278,320.554753333,28.382783056
2014-06-04 00:00:00,43.384979167,1046.748497778,260.189556667,54.522310833,127.091671944,320.138682222,1046.748497778,15.511169722,27.873809444,-269.516289167,635428143819.000000000,4262216282376.999800000,3439231430805.000000000,259.288492778,53.019946667,126.269898056,319.437487778,28.379213889
2014-06-03 00:00:00,43.384068333,1042.697301111,259.219943889,54.513178056,126.566158889,319.069459167,1042.697301111,15.510258889,27.873809444,-268.477859722,633212412906.000010000,4242233543478.999700000,3434911057846.000100000,258.322815000,53.016239167,125.744389722,318.370228611,28.376417222
2014-06-02 00:00:00,43.383228611,1037.422515556,257.635166667,54.509684444,126.279098611,317.966184167,1037.422515556,15.509419167,27.873809444,-267.440067500,630992108964.999910000,4222251526480.000000000,3430590687261.999800000,256.740860556,53.019364444,125.457333889,317.268755000,28.373085833
2014-06-01 00:00:00,43.382423889,1034.197878889,257.630777500,54.506015000,125.718483889,316.173353056,1034.197878889,15.508614444,27.873809444,-266.400253611,628779565460.999960000,4202265828928.999900000,3426270314826.999900000,256.741964444,53.021810000,124.896724167,315.477130000,28.370967778
2014-05-31 00:00:00,43.381811944,1030.478892222,257.626171389,54.502023056,125.458578056,314.905832500,1030.478892222,15.508002500,27.873809444,-265.358224722,626562950046.000000000,4182287952831.000000000,3421949940446.000000000,256.742602222,53.023506667,124.636825000,314.211702778,28.369353611
2014-05-30 00:00:00,43.380898611,1025.859989722,256.276935833,54.498498333,125.377456111,313.889993889,1025.859989722,15.507089167,27.873809444,-264.320618611,624354907810.999980000,4162307777182.000200000,3417629566917.999900000,255.396331389,53.025978611,124.555705000,313.197701389,28.366475000
2014-05-29 00:00:00,43.380014722,1021.978133056,255.700896944,54.495015000,124.890241111,311.973000556,1021.978133056,15.506205278,27.873809444,-263.284468889,622147668195.999970000,4142326408468.999800000,3413309194496.999900000,254.824195833,53.028757778,124.068508056,311.282683333,28.363810833
2014-05-28 00:00:00,43.378843889,1016.709021111,254.574718889,54.491597222,124.588602222,309.460421111,1016.709021111,15.505034444,27.873809444,-262.244891667,619920669878.000020000,4122340526115.999800000,3408988823065.999700000,253.701418056,53.032215000,123.766957222,308.770447222,28.360389167
2014-05-27 00:00:00,43.377971111,1013.110346667,253.756621944,54.485514444,124.500397778,308.286359722,1013.110346667,15.504161667,27.873809444,-261.206295833,617707211467.000000000,4102355990867.999700000,3404668450138.000200000,252.885907500,53.030828333,123.678780278,307.597311111,28.358048889
2014-05-26 00:00:00,43.377028611,1008.345326111,252.541875000,54.481941389,124.104733056,306.604458611,1008.345326111,15.503219167,27.873809444,-260.162761667,615477486634.000060000,4082379429769.999900000,3400348077314.000100000,251.672101944,53.034111667,123.283365556,305.917208611,28.354776667
2014-05-25 00:00:00,43.376389722,1004.898876389,252.537122778,54.477960278,123.660795556,305.773116667,1004.898876389,15.502580278,27.873809444,-259.114349444,613251245055.000060000,4062399320960.000100000,3396027705149.999800000,251.672397222,53.035791389,122.839782500,305.087780833,28.353261389
2014-05-24 00:00:00,43.375658056,1000.932360833,252.532493056,54.469805278,123.324566111,304.755451944,1000.932360833,15.501848611,27.873809444,-258.068728333,611032545985.000010000,4042428303967.999800000,3391707331237.000200000,251.672659444,53.032552778,122.503667778,304.072387222,28.351686111
2014-05-23 00:00:00,43.374723611,998.178996944,251.437041389,54.463334444,123.140921111,303.287426111,998.178996944,15.500914167,27.873809444,-257.027610000,608837393717.000000000,4022466364618.999900000,3387386956543.999900000,250.580003333,53.032247222,122.320044444,302.606050556,28.348781389
2014-05-22 00:00:00,43.373778333,994.103481389,250.707368333,54.459588056,122.864308611,302.123080833,994.103481389,15.499968889,27.873809444,-255.978855556,606611776098.999970000,4002492705443.999700000,3383066584266.999900000,249.854354722,53.034663611,122.043514167,301.443606944,28.346347222
2014-05-21 00:00:00,43.372811389,990.148114444,249.534940833,54.444777500,122.682289722,300.541023333,990.148114444,15.499001944,27.873809444,-254.935131944,604396056988.000030000,3982516631058.999800000,3378746209965.999700000,248.684827500,53.023941944,121.861815278,299.861710000,28.343326944
2014-05-20 00:00:00,43.371810833,985.259911389,248.334171111,54.441143611,122.232580556,299.311472778,985.259911389,15.498001389,27.873809444,-253.892311111,602163577250.000000000,3962535778752.999900000,3374425838169.000100000,247.487156944,53.027031389,121.412266389,298.633094444,28.340386389
2014-05-19 00:00:00,43.370695833,981.065044722,246.980035556,54.389239722,121.681016944,298.008004722,981.065044722,15.496886389,27.873809444,-252.862921111,599945488375.000000000,3942558714204.999800000,3370105465737.000100000,246.135855278,52.981571944,120.860763056,297.330910278,28.337178056
2014-05-18 00:00:00,43.369892500,977.686503333,246.975625556,54.378289722,120.878055556,297.191957778,977.686503333,15.496083056,27.873809444,-251.855803889,597718020376.000040000,3922580643346.999800000,3365785093652.999900000,246.136759167,52.975415000,120.057817500,296.516692500,28.335430556
2014-05-17 00:00:00,43.369162222,973.077470000,246.723621944,54.374436667,120.395849167,296.385441111,973.077470000,15.495352778,27.873809444,-250.846413056,595486164404.999970000,3902621185756.999800000,3361464720282.999800000,245.887565278,52.977317778,119.575618333,295.711725556,28.333513333
2014-05-16 00:00:00,43.367806389,968.535613056,244.929165833,54.371298611,119.845044167,294.728178889,968.535613056,15.493996944,27.873809444,-249.842938611,593269297304.000020000,3882665836550.999800000,3357144347141.000000000,244.093109167,52.981285278,119.024815556,294.056053889,28.329431944
2014-05-15 00:00:00,43.366672222,963.296060556,243.145226111,54.368003333,119.373702500,293.677156111,963.296060556,15.492862778,27.873809444,-248.838388889,591043115490.000000000,3862718447269.999900000,3352823973726.999700000,242.309169444,52.984728333,118.553481111,293.007021944,28.325644722
2014-05-14 00:00:00,43.365536111,957.754649444,241.603423889,54.364691111,118.581228889,292.593559444,957.754649444,15.491726667,27.873809444,-247.832718333,588817317843.999980000,3842760618130.999800000,3348503602459.999900000,240.768678056,52.988378889,117.761008889,291.925358611,28.322093333
2014-05-13 00:00:00,43.364339167,953.307998611,239.909797500,54.361477500,117.909982222,291.441514167,953.307998611,15.490529722,27.873809444,-246.812951944,586602181088.000050000,3822803710544.999800000,3344183228738.999900000,239.077021667,52.992111667,117.091100556,290.775731944,28.318338056
2014-05-12 00:00:00,43.363393889,949.318608056,238.069906944,54.358089722,117.630972778,290.999255833,949.318608056,15.489584444,27.873809444,-245.773213889,584379925168.999910000,3802858867965.999800000,3339862856134.999900000,237.237131111,52.995000556,116.813588056,290.335004722,28.314815556
2014-05-11 00:00:00,43.362288056,945.235954444,237.852151389,54.354381667,116.608820000,290.270411944,945.235954444,15.488478611,27.873809444,-244.733751389,582148628218.000050000,3782916790328.999700000,3335542484751.999900000,237.019375556,52.997609444,115.791439444,289.607278333,28.312523056
2014-05-10 00:00:00,43.361255278,941.578154722,237.634011111,54.350496111,115.981934444,289.632459722,941.578154722,15.487445833,27.873809444,-243.690772222,579931551633.000010000,3762971104460.999900000,3331222112056.000200000,236.801235278,52.999583333,115.164568056,288.970878889,28.310510278
2014-05-09 00:00:00,43.360291667,937.969649444,235.850349167,54.347251944,115.441632500,289.243635833,937.969649444,15.486482222,27.873809444,-242.646443056,577728257131.000040000,3743016682699.999800000,3326901737835.000100000,235.017573611,53.002824167,114.624270833,288.584962500,28.306976111
2014-05-08 00:00:00,43.359316667,932.843123333,234.155727500,54.343885278,114.795293333,288.446647500,932.843123333,15.485507222,27.873809444,-241.601942500,575507918822.999950000,3723039083077.999900000,3322581364933.999700000,233.324357500,53.006385833,113.979166667,287.790785833,28.303509444
2014-05-07 00:00:00,43.358311667,928.731262500,232.218631667,54.340481111,114.620150556,287.943241944,928.731262500,15.484502222,27.873809444,-240.555134444,573289823281.999940000,3703066076240.000100000,3318260992328.000000000,231.389013056,53.009407778,113.805571389,287.290485833,28.299988889
2014-05-06 00:00:00,43.357029722,923.804940833,230.270656111,54.335341389,114.028641111,287.191643333,923.804940833,15.483220278,27.873809444,-239.511520278,571073743789.000030000,3683100543299.000200000,3313940619347.000100000,229.442193056,53.011151944,113.214099444,286.540962222,28.296073889
2014-05-05 00:00:00,43.356240278,920.051247222,228.441959167,54.332071389,113.676645833,286.284090000,920.051247222,15.482430833,27.873809444,-238.468413056,568860350950.000040000,3663124073600.000100000,3309620245292.999700000,227.616468333,53.014532222,112.862539722,285.636078333,28.292615833
2014-05-04 00:00:00,43.355588889,916.472468611,228.437160000,54.327977500,113.158401389,285.089901944,916.472468611,15.481779444,27.873809444,-237.415442778,566633521452.000020000,3643140592626.000000000,3305299872062.000000000,227.617266944,53.016573056,112.344301111,284.443912778,28.290908333
2014-05-03 00:00:00,43.354944167,912.406689444,228.431973889,54.323459722,112.508796389,283.852155833,912.406689444,15.481134722,27.873809444,-236.367042500,564408885373.999950000,3623159678216.999700000,3300979500576.000200000,227.618334444,53.018801111,111.694696944,283.207214167,28.289067500
2014-05-02 00:00:00,43.356917778,908.048976667,226.834653611,54.321273611,111.784442222,282.527825556,908.048976667,15.483108333,27.873809444,-235.319236111,562187323419.999950000,3608926096507.999800000,3294297211779.000100000,226.023568333,53.025246111,110.970420833,281.883870000,28.288417222
2014-05-01 00:00:00,43.356408333,903.384593333,225.195765278,54.318538611,111.236828056,282.031392500,903.384593333,15.482598889,27.873809444,-234.257602778,559963615401.000020000,3594505742386.000100000,3287113929714.999700000,224.386625833,53.028166389,110.424514722,281.389253056,28.285694722
2014-04-30 00:00:00,43.355713333,899.682675000,223.566615000,54.314965000,110.859178056,281.451772222,899.682675000,15.481903889,27.873809444,-233.203622222,557745600475.000020000,3574520115728.999900000,3282793546646.000100000,222.761197222,53.031168889,110.047876667,280.812493333,28.282715000
2014-04-29 00:00:00,43.355036389,896.889540278,223.561715833,54.310781667,109.996795278,280.592855556,896.889540278,15.481226944,27.873809444,-232.167870000,555521525044.999950000,3554540644743.999800000,3278473166082.000100000,222.762452778,53.033625833,109.185655000,279.955343056,28.281042778
2014-04-28 00:00:00,43.354529167,894.208824444,223.556294722,54.306076944,109.673920278,279.874989444,894.208824444,15.480719722,27.873809444,-231.125870278,553293213126.000040000,3534549810457.999700000,3274152785083.000000000,222.762922778,53.035158333,108.863331944,279.238683611,28.279633611
2014-04-27 00:00:00,43.353831389,889.845009444,223.551204444,54.301778056,108.865097500,279.214863889,889.845009444,15.480021944,27.873809444,-230.069210833,551057040077.000020000,3514563994787.999900000,3269832403572.000200000,222.763735278,53.037171667,108.054770833,278.579483056,28.278006667
2014-04-26 00:00:00,43.353185833,885.368626667,223.546716111,54.297846389,108.352326667,277.880192222,885.368626667,15.479376389,27.873809444,-229.000289444,548826445560.000060000,3494573258065.999700000,3265512023320.000100000,222.765009722,53.039454444,107.542191111,277.246299167,28.276244167
2014-04-25 00:00:00,43.352252222,880.945479722,222.291956389,54.293916667,108.090492778,277.477114167,880.945479722,15.478442778,27.873809444,-227.944974444,546617525207.000010000,3474601347102.000100000,3261191642145.000100000,221.512082222,53.042147222,107.280641389,276.845507222,28.273460833
2014-04-24 00:00:00,43.351231944,876.722179722,220.315715000,54.290156111,107.790425556,277.072648333,876.722179722,15.477422500,27.873809444,-226.883600833,544411535588.000050000,3454622602985.000000000,3256871258708.000100000,219.537753056,53.045495833,106.981487500,276.444957778,28.269909722
2014-04-23 00:00:00,43.350375278,871.652698056,218.337918333,54.286907500,106.786429167,277.061549722,871.652698056,15.476565833,27.873809444,-225.828874444,542211350493.999950000,3434649830056.999900000,3252550877069.000000000,217.562718056,53.049388056,105.977598333,276.437883611,28.266363333
2014-04-22 00:00:00,43.349398889,867.590590833,217.270056667,54.283476944,106.337963056,275.670263889,867.590590833,15.475589444,27.873809444,-224.792338056,540009904661.999940000,3414669020213.000100000,3248230497009.999700000,216.498302222,53.052697222,105.529196111,275.048234444,28.263396111
2014-04-21 00:00:00,43.348683889,861.764002500,216.209643333,54.279280556,105.779599722,275.180381944,861.764002500,15.474874444,27.873809444,-223.750154722,537800594972.999930000,3394686178080.999800000,3243910117117.000200000,215.441520000,53.055589444,104.970919444,274.559917222,28.260686667
2014-04-20 00:00:00,43.347735278,858.198514444,216.205499167,54.276136944,104.096833056,274.322361944,858.198514444,15.473925833,27.873809444,-222.715451389,535615333416.000000000,3374722241175.000000000,3239589735461.000200000,215.443149167,53.059222500,103.288154722,273.703010556,28.258262500
2014-04-19 00:00:00,43.347053611,852.786498611,216.200571111,54.271819167,103.258036111,273.723707500,852.786498611,15.473244167,27.873809444,-221.657423056,533420799285.000020000,3354737901032.999700000,3235269354023.000000000,215.444091667,53.061648056,102.449358611,273.105843889,28.256455556
2014-04-18 00:00:00,43.346192500,847.192283333,215.204725278,54.267993333,102.573140556,273.221766389,847.192283333,15.472383056,27.873809444,-220.604859444,531248706807.999960000,3334756710385.000100000,3230948972256.000000000,214.452267778,53.064627778,101.764469167,272.605597222,28.253696667
2014-04-17 00:00:00,43.345466944,841.688684167,215.199919167,54.263741111,102.034803333,272.366901111,841.688684167,15.471657500,27.873809444,-219.570589167,529099015214.000040000,3314772726898.999800000,3226628589787.999900000,214.452634444,53.066505278,101.226170278,271.752112778,28.251974722
2014-04-16 00:00:00,43.343725000,836.606133056,213.660832500,54.259366667,101.167840000,271.849262778,836.606133056,15.469915556,27.873809444,-218.541799167,526975447730.000010000,3294807666822.000100000,3222308208586.999700000,212.916608611,53.069586111,100.360535833,271.236673611,28.248046667
2014-04-15 00:00:00,43.342752500,832.614394167,212.444604722,54.255258056,100.987969444,270.508746111,832.614394167,15.468943056,27.873809444,-217.549603611,524866353331.000030000,3274834721276.000100000,3217987826413.000200000,211.703803333,53.072321667,100.182554167,269.898690556,28.245074167
2014-04-14 00:00:00,43.341536944,827.312383611,211.755896389,54.251660000,100.481491944,267.352926944,827.312383611,15.467727500,27.873809444,-216.595692778,522750392894.999980000,3254864961331.999800000,3213667446923.999700000,211.019835556,53.076362222,99.676170278,266.743628889,28.241466389
2014-04-13 00:00:00,43.340685000,821.994121111,211.751297778,54.244879722,100.457057778,264.035261667,821.994121111,15.466875556,27.873809444,-215.639923333,520627162061.999970000,3234896950939.999800000,3209347064990.000100000,211.021144444,53.076453889,99.652109167,263.425963611,28.238729444
2014-04-12 00:00:00,43.339637222,815.934335556,211.747251111,54.241388889,100.274635556,259.382853889,815.934335556,15.465827778,27.873809444,-214.655693611,518509340427.000040000,3214892091560.000100000,3205026685555.999800000,211.023781111,53.080606389,99.470281389,258.773555833,28.235212500
2014-04-11 00:00:00,43.338528889,809.954332778,211.743113889,54.237785278,100.208967222,255.004523056,809.954332778,15.464719444,27.873809444,-213.659878611,516387502343.000050000,3194879566320.999800000,3200706303325.999900000,211.025947500,53.084253056,99.405168611,254.395334444,28.231831111
2014-04-10 00:00:00,43.337297778,803.607211111,210.946839444,54.234372222,100.189782222,250.780146389,803.607211111,15.463488333,27.873809444,-212.651493889,514260470785.999950000,3174888348694.999800000,3196385922702.999700000,210.233567778,53.088268056,99.388358056,250.172280000,28.227788611
2014-04-09 00:00:00,43.336316389,797.104746389,210.180588889,54.230244167,100.158400278,248.665121944,797.104746389,15.462506944,27.873809444,-211.694460833,512149223688.000020000,3155290784614.999800000,3191785620217.000200000,209.470987222,53.091046389,99.359070278,248.060151944,28.224987778
2014-04-08 00:00:00,40.902786389,790.818533611,209.241241944,54.014620556,99.802352778,245.152393611,790.818533611,13.028976944,27.873809444,-210.732336389,510045404708.000000000,3141798139861.000100000,3176198838378.999800000,208.534516111,52.881211111,99.003859444,244.547953056,28.228704444
2014-04-07 00:00:00,40.902901389,787.261005556,209.238188889,53.779962222,99.799395000,244.652272222,787.261005556,13.029095556,27.873805833,-209.838433611,507998988622.000030000,3134235918300.999900000,3148972408802.999800000,208.534915833,52.649188333,99.004907778,244.049962222,28.228309444
2014-04-06 00:00:00,40.902431111,784.170239167,209.231722778,53.773931389,99.793671111,242.538486667,784.170239167,13.028639444,27.873791667,-208.959770278,505969515800.000010000,3114254929623.000000000,3144652025040.000000000,208.535771111,52.651167778,99.009138611,241.941279167,28.226899167
2014-04-05 00:00:00,40.901799167,779.925689167,209.225155833,53.767708056,99.788005278,239.247713056,779.925689167,13.028019722,27.873779444,-208.078971944,503936525340.999960000,3094271882825.999800000,3140331642965.000200000,208.537606667,52.653961389,99.015769167,238.654841667,28.225043889
2014-04-04 00:00:00,40.901195833,775.176794444,209.218942778,52.404630000,99.781881111,236.838574444,775.176794444,13.027420000,27.873775833,-207.187745556,501898265995.000000000,3074295965213.000100000,3136011262376.999800000,208.541928611,51.296009167,99.022096667,236.249877778,28.222110556
2014-04-03 00:00:00,40.900181944,770.075523333,209.214242222,51.102954444,99.777515556,233.678976944,770.075523333,13.026406111,27.873775833,-206.295489722,499850521827.000020000,3054319884158.999900000,3131690879830.999900000,208.546908611,49.998241667,99.030092222,233.093882778,28.218989167
2014-04-02 00:00:00,39.453023889,765.037131389,209.210932778,50.260217778,99.774691389,230.286404722,765.037131389,11.579248056,27.873775833,-205.399914444,497797445760.000050000,3040111641371.999900000,3120496107750.999900000,208.550740833,49.158875000,99.037939722,229.703468611,28.221301389
2014-04-01 00:00:00,39.453238333,761.277758611,209.207310833,49.418321667,99.771824444,227.150708611,761.277758611,11.579469444,27.873768889,-204.492646389,495765386776.000020000,3027773250827.000100000,3106507010097.000000000,208.554297500,48.320000278,99.045128889,226.567911111,28.220061944
2014-03-31 00:00:00,39.452491667,758.250947222,209.202167500,48.633540556,99.767551111,224.127058611,758.250947222,11.578722778,27.873768889,-203.581181389,493706111969.999960000,3007808285993.999800000,3102186625738.000200000,208.557683056,47.540203611,99.052253889,223.545973611,28.217758611
2014-03-30 00:00:00,39.451563056,753.566797222,209.196893056,48.628610000,99.762997222,221.687614444,753.566797222,11.577794167,27.873768889,-202.675645278,491624224193.999940000,2987830902821.000200000,3097866242214.000200000,208.559145833,47.542662778,99.057364167,221.110312500,28.216075000
2014-03-29 00:00:00,39.450676389,749.822358889,209.190991944,48.341627778,99.757580833,219.525837222,749.822358889,11.576907500,27.873768889,-201.769369722,489549593245.999990000,2967864449338.999900000,3093545857081.000200000,208.560988056,47.262161111,99.062047778,218.953363889,28.214492500
2014-03-28 00:00:00,35.442049722,748.717356944,209.134968056,47.531332500,99.751408056,218.083694167,748.717356944,7.568288056,27.873761667,-200.888853333,487490733039.000030000,2949944387552.999800000,3085879912641.000100000,208.512298889,46.457329167,99.065095556,217.516971389,28.225446389
2014-03-27 00:00:00,35.441174167,744.495642778,209.129933056,46.094284444,99.746535556,215.596349167,744.495642778,7.567412500,27.873761667,-199.989856111,485439926416.999990000,2929969910981.000000000,3081559529420.999800000,208.516976667,45.024510278,99.071670000,215.033471389,28.222685556
2014-03-26 00:00:00,35.440374444,740.122113611,207.809440556,44.631807778,99.740987222,215.249478611,740.122113611,7.566616111,27.873758333,-199.086440000,483378387881.000040000,2910008569628.000200000,3077239145389.999700000,207.202883611,43.564444722,99.074377222,214.693435278,28.219388611
2014-03-25 00:00:00,35.439299444,736.715440278,207.804255000,43.360115556,99.735845000,212.914090278,736.715440278,7.565549722,27.873749722,-198.174748889,481314043064.999930000,2890052059901.999800000,3072918760830.000000000,207.207539444,42.292752500,99.080788056,212.359646389,28.216840000
2014-03-24 00:00:00,35.438252222,734.366840556,207.799528056,42.873632500,99.731625278,210.134709167,734.366840556,7.564502500,27.873749722,-197.235488333,479231880638.000010000,2870086021420.999700000,3068598377788.000100000,207.210577778,41.808169722,99.087328333,209.581957500,28.214644444
2014-03-23 00:00:00,35.437282778,731.979493611,207.794992500,42.707985000,99.728075000,207.361662222,731.979493611,7.563533056,27.873749722,-196.261656389,477130744734.000020000,2850097727139.000200000,3064277995788.000200000,207.213332778,41.645733611,99.093703889,206.811817778,28.212511667
2014-03-22 00:00:00,35.436871389,728.001575000,207.791731667,42.020255556,99.725769722,204.503336667,728.001575000,7.563121667,27.873749722,-195.189752222,475007701731.000060000,2834901844445.999800000,3057453816486.999900000,207.217385833,40.960042778,99.100898889,203.955101667,28.210488611
2014-03-21 00:00:00,35.436154167,723.371073333,207.788761111,41.353029167,99.723571389,201.902427500,723.371073333,7.562404444,27.873749722,-194.110072778,472875938861.999980000,2821379980756.000200000,3047998337594.000100000,207.220885556,40.294297222,99.107386667,201.355358611,28.208668056
2014-03-20 00:00:00,35.434946389,718.500373889,207.784774722,39.676267222,99.719968611,199.792689167,718.500373889,7.561196667,27.873749722,-193.015970556,470740109646.000020000,2801391422713.999700000,3043677858368.999900000,207.226371944,38.620867778,99.114001944,199.248423333,28.205629444
2014-03-19 00:00:00,31.860185556,717.266064167,207.781132222,38.654057778,99.716448611,199.302883611,717.266064167,3.986435833,27.873749722,-191.947696944,468608214518.000000000,2787559911165.999700000,3035505676496.000200000,207.228111667,37.600828611,99.115361944,198.760394167,28.214758611
2014-03-18 00:00:00,27.969796667,717.398990833,207.779551111,38.301581111,99.715145556,198.137123056,717.398990833,0.096046944,27.873749722,-191.001980000,466513360731.999990000,2783542185569.000200000,3016590841288.999900000,207.228571389,37.248775556,99.117010556,197.594755556,28.225758333
2014-03-17 00:00:00,27.970917778,717.455740278,207.779078056,38.301580000,99.714490833,198.137117778,717.455740278,0.097168056,27.873749722,-190.119991111,464444219629.000000000,2783401864021.000200000,2989761313460.999700000,207.228100278,37.249263611,99.116356389,197.594937500,28.226941667
2014-03-16 00:00:00,27.971994722,717.501405278,207.778514722,38.301579722,99.713817500,198.137116667,717.501405278,0.098245000,27.873749722,-189.229539444,462368021356.000060000,2783261246194.000200000,2962150073751.000100000,207.227536944,37.249746667,99.115683056,197.595131111,28.228136111
2014-03-15 00:00:00,27.972843889,717.550681389,207.778015278,38.301579722,99.713193333,198.137106389,717.550681389,0.099094167,27.873749722,-188.274290000,460286848432.999960000,2783122319847.999800000,2936116218307.999900000,207.227037500,37.250261944,99.115058889,197.595250000,28.229212778
2014-03-14 00:00:00,27.973552778,717.595695833,207.777455833,38.301579444,99.712550000,198.137089167,717.595695833,0.099803056,27.873749722,-187.269689167,458197855519.999980000,2782984123765.000100000,2910386126549.000100000,207.226478333,37.250802222,99.114415833,197.595328611,28.230279444
2014-03-13 00:00:00,27.974166111,717.635824444,207.776864167,38.301578889,99.711885556,198.137056944,717.635824444,0.100416389,27.873749722,-186.254906389,456100642469.999960000,2782846389975.000000000,2885409279886.999700000,207.225886667,37.251338056,99.113751389,197.595362500,28.231366111
2014-03-12 00:00:00,27.974729444,717.691558889,207.776373056,38.301578611,99.711174722,198.136957778,717.691558889,0.100979722,27.873749722,-185.237847222,453995464431.000050000,2782710256694.999900000,2863031786662.999900000,207.225395556,37.251763889,99.113040556,197.595304167,28.232391944
2014-03-11 00:00:00,27.975242778,717.766826389,207.776048333,38.301577222,99.710549444,198.136735556,717.766826389,0.101493056,27.873749722,-184.225565000,451884338699.999980000,2782576642100.999900000,2843728496176.000200000,207.225071111,37.252055000,99.112415278,197.595085833,28.233270833
2014-03-10 00:00:00,27.975925000,717.462058333,207.775897500,38.301575556,99.710125833,198.136478889,717.462058333,0.102175278,27.873749722,-183.196605556,449760334802.999970000,2782442819352.999900000,2824443072551.000100000,207.224943333,37.252307222,99.111991667,197.594850278,28.234238056
2014-03-09 00:00:00,27.976617778,713.832146389,207.775764444,38.301573056,99.709795278,198.136291111,713.832146389,0.102868056,27.873749722,-182.150020556,447626071925.999990000,2782308309517.999800000,2803952053374.000100000,207.224873889,37.252654722,99.111685000,197.594668611,28.235212222
2014-03-08 00:00:00,27.977419444,710.209621667,207.775568056,38.301572778,99.709340278,198.136118611,710.209621667,0.103669722,27.873749722,-181.153269167,445525856893.000000000,2782172605939.000200000,2783514845566.999900000,207.224716667,37.252988611,99.111230833,197.594576389,28.236348056
2014-03-07 00:00:00,27.978560000,707.272104167,207.775257778,38.301572500,99.708792500,198.136082500,707.272104167,0.104810278,27.873749722,-180.216077222,443463934001.000040000,2782033828442.000100000,2758318632955.999900000,207.224428889,37.253451389,99.110684167,197.594725278,28.237727222
2014-03-06 00:00:00,27.978750833,704.097128333,207.772219722,37.391534722,99.706189444,195.333358056,704.097128333,0.105001111,27.873749722,-179.326936111,441431569304.000020000,2769672010259.000000000,2744042326836.000000000,207.228052222,36.345722222,99.117219444,194.794106667,28.236409167
2014-03-05 00:00:00,27.977615833,700.480620278,207.767844444,35.623951111,99.702410833,191.689670000,700.480620278,0.103866111,27.873749722,-178.437477500,439376178282.999990000,2749697971007.000200000,2739721956816.999900000,207.234405278,34.579971389,99.126826111,191.152193056,28.233171389
2014-03-04 00:00:00,27.977039444,700.427770278,207.765973611,35.275760000,99.700930556,190.404870000,700.427770278,0.103289722,27.873749722,-178.082160278,438538124098.999970000,2741616626633.999900000,2737973320497.999700000,207.236151944,34.231968056,99.129889722,189.867605833,28.232083611
2014-03-03 00:00:00,27.977039444,700.427770278,207.765973611,35.275760000,99.700930556,190.404870000,700.427770278,0.103289722,27.873749722,-178.082160278,438538119778.999980000,2741616583434.000000000,2737973313298.000000000,207.236151944,34.231968056,99.129889722,189.867605833,28.232083611
2014-03-02 00:00:00,27.977039444,700.427770278,207.765973611,35.275760000,99.700930556,190.404870000,700.427770278,0.103289722,27.873749722,-178.082160278,438538115458.999990000,2741616540234.000000000,2737973306097.999800000,207.236151944,34.231968056,99.129889722,189.867605833,28.232083611
2014-03-01 00:00:00,27.977039444,700.427770278,207.765973611,35.275760000,99.700930556,190.404870000,700.427770278,0.103289722,27.873749722,-178.082160278,438538111139.000050000,2741616497034.000100000,2737973298898.000100000,207.236151944,34.231968056,99.129889722,189.867605833,28.232083611
2014-02-28 00:00:00,27.977039444,700.427770278,207.765973611,35.275760000,99.700930556,190.404870000,700.427770278,0.103289722,27.873749722,-178.082160278,438538106818.999940000,2741616453834.000200000,2737973291697.999800000,207.236151944,34.231968056,99.129889722,189.867605833,28.232083611
2014-02-27 00:00:00,27.977039444,700.427770278,207.765973611,35.275760000,99.700930556,190.404870000,700.427770278,0.103289722,27.873749722,-178.082160278,438538102498.999950000,2741616410633.999700000,2737973284498.000100000,207.236151944,34.231968056,99.129889722,189.867605833,28.232083611
2014-02-26 00:00:00,27.977039444,700.427770278,207.765973611,35.275760000,99.700930556,190.404870000,700.427770278,0.103289722,27.873749722,-178.082160278,438538098179.000020000,2741616367433.999700000,2737973277297.999800000,207.236151944,34.231968056,99.129889722,189.867605833,28.232083611
2014-02-25 00:00:00,27.977039444,700.427770278,207.765973611,35.275760000,99.700930556,190.404870000,700.427770278,0.103289722,27.873749722,-178.082160278,438538093859.000020000,2741616324233.999800000,2737973270098.000100000,207.236151944,34.231968056,99.129889722,189.867605833,28.232083611
2014-02-24 00:00:00,27.977039444,700.427770278,207.765973611,35.275760000,99.700930556,190.404870000,700.427770278,0.103289722,27.873749722,-178.082160278,438538089539.000030000,2741616281033.999900000,2737973262897.999800000,207.236151944,34.231968056,99.129889722,189.867605833,28.232083611
2014-02-23 00:00:00,27.977039444,700.427770278,207.765973611,35.275760000,99.700930556,190.404870000,700.427770278,0.103289722,27.873749722,-178.082160278,438538085218.999980000,2741616237833.999900000,2737973255698.000100000,207.236151944,34.231968056,99.129889722,189.867605833,28.232083611
2014-02-22 00:00:00,27.977039444,700.427770278,207.765973611,35.275760000,99.700930556,190.404870000,700.427770278,0.103289722,27.873749722,-178.082160278,438538080898.999980000,2741616194634.000000000,2737973248497.999900000,207.236151944,34.231968056,99.129889722,189.867605833,28.232083611
2014-02-21 00:00:00,27.977039444,700.427770278,207.765973611,35.275760000,99.700930556,190.404870000,700.427770278,0.103289722,27.873749722,-178.082160278,438538076578.999990000,2741616151434.000100000,2737973241298.000200000,207.236151944,34.231968056,99.129889722,189.867605833,28.232083611
2014-02-20 00:00:00,27.977039444,700.427770278,207.765973611,35.275760000,99.700930556,190.404870000,700.427770278,0.103289722,27.873749722,-178.082160278,438538072259.000000000,2741616108234.000200000,2737973234097.999900000,207.236151944,34.231968056,99.129889722,189.867605833,28.232083611
2014-02-19 00:00:00,27.977039444,700.427770278,207.765973611,35.275760000,99.700930556,190.404870000,700.427770278,0.103289722,27.873749722,-178.082160278,438538067939.000010000,2741616065034.000200000,2737973226898.000200000,207.236151944,34.231968056,99.129889722,189.867605833,28.232083611
2014-02-18 00:00:00,27.977039444,700.427770278,207.765973611,35.275760000,99.700930556,190.404870000,700.427770278,0.103289722,27.873749722,-178.082160278,438538063618.999950000,2741616021833.999700000,2737973219697.999900000,207.236151944,34.231968056,99.129889722,189.867605833,28.232083611
2014-02-17 00:00:00,27.977039444,700.427770278,207.765973611,35.275760000,99.700930556,190.404870000,700.427770278,0.103289722,27.873749722,-178.082160278,438538059298.999960000,2741615978633.999800000,2737973212498.000200000,207.236151944,34.231968056,99.129889722,189.867605833,28.232083611
2014-02-16 00:00:00,27.977039444,700.427770278,207.765973611,35.275760000,99.700930556,190.404870000,700.427770278,0.103289722,27.873749722,-178.082160278,438538054978.999970000,2741615935433.999800000,2737973205297.999900000,207.236151944,34.231968056,99.129889722,189.867605833,28.232083611
2014-02-15 00:00:00,27.977039444,700.427770278,207.765973611,35.275760000,99.700930556,190.404870000,700.427770278,0.103289722,27.873749722,-178.082160278,438538050659.000030000,2741615892233.999900000,2737973198098.000200000,207.236151944,34.231968056,99.129889722,189.867605833,28.232083611
2014-02-14 00:00:00,27.977039444,700.427770278,207.765973611,35.275760000,99.700930556,190.404870000,700.427770278,0.103289722,27.873749722,-178.082160278,438538046339.000040000,2741615849034.000000000,2737973190898.000000000,207.236151944,34.231968056,99.129889722,189.867605833,28.232083611
2014-02-13 00:00:00,27.977039444,700.427770278,207.765973611,35.275760000,99.700930556,190.404870000,700.427770278,0.103289722,27.873749722,-178.082160278,438538042018.999930000,2741615805834.000100000,2737973183697.999700000,207.236151944,34.231968056,99.129889722,189.867605833,28.232083611
2014-02-12 00:00:00,27.977039444,700.427770278,207.765973611,35.275760000,99.700930556,190.404870000,700.427770278,0.103289722,27.873749722,-178.082160278,438538037699.000000000,2741615762634.000100000,2737973176498.000000000,207.236151944,34.231968056,99.129889722,189.867605833,28.232083611
2014-02-11 00:00:00,27.977039444,700.427770278,207.765973611,35.275760000,99.700930556,190.404870000,700.427770278,0.103289722,27.873749722,-178.082160278,438538033379.000000000,2741615719434.000200000,2737973169297.999700000,207.236151944,34.231968056,99.129889722,189.867605833,28.232083611
2014-02-10 00:00:00,27.977039444,700.427770278,207.765973611,35.275760000,99.700930556,190.404870000,700.427770278,0.103289722,27.873749722,-178.082160278,438538029059.000010000,2741615676233.999700000,2737973162098.000000000,207.236151944,34.231968056,99.129889722,189.867605833,28.232083611
2014-02-09 00:00:00,27.977039444,700.427770278,207.765973611,35.275760000,99.700930556,190.404870000,700.427770278,0.103289722,27.873749722,-178.082160278,438538024739.000020000,2741615633033.999800000,2737973154897.999700000,207.236151944,34.231968056,99.129889722,189.867605833,28.232083611
2014-02-08 00:00:00,27.977039444,700.427770278,207.765973611,35.275760000,99.700930556,190.404870000,700.427770278,0.103289722,27.873749722,-178.082160278,438538020418.999960000,2741615589833.999800000,2737973147698.000000000,207.236151944,34.231968056,99.129889722,189.867605833,28.232083611
2014-02-07 00:00:00,27.977039444,700.427770278,207.765973611,35.275760000,99.700930556,190.404870000,700.427770278,0.103289722,27.873749722,-178.082160278,438538016098.999970000,2741615546633.999900000,2737973140497.999700000,207.236151944,34.231968056,99.129889722,189.867605833,28.232083611
2014-02-06 00:00:00,27.977039444,700.427770278,207.765973611,35.275760000,99.700930556,190.404870000,700.427770278,0.103289722,27.873749722,-178.082160278,438538011778.999980000,2741615503434.000000000,2737973133298.000000000,207.236151944,34.231968056,99.129889722,189.867605833,28.232083611
2014-02-05 00:00:00,27.977039444,700.427770278,207.765973611,35.275760000,99.700930556,190.404870000,700.427770278,0.103289722,27.873749722,-178.082160278,438538007458.999990000,2741615460234.000000000,2737973126097.999800000,207.236151944,34.231968056,99.129889722,189.867605833,28.232083611
2014-02-04 00:00:00,27.977039444,700.427770278,207.765973611,35.275760000,99.700930556,190.404870000,700.427770278,0.103289722,27.873749722,-178.082160278,438538003139.000050000,2741615417034.000100000,2737973118898.000100000,207.236151944,34.231968056,99.129889722,189.867605833,28.232083611
2014-02-03 00:00:00,27.977039444,700.427770278,207.765973611,35.275760000,99.700930556,190.404870000,700.427770278,0.103289722,27.873749722,-178.082160278,438537998818.999940000,2741615373834.000200000,2737973111697.999800000,207.236151944,34.231968056,99.129889722,189.867605833,28.232083611
2014-02-02 00:00:00,27.977039444,700.427770278,207.765973611,35.275760000,99.700930556,190.404870000,700.427770278,0.103289722,27.873749722,-178.082160278,438537994498.999950000,2741615330633.999700000,2737973104498.000100000,207.236151944,34.231968056,99.129889722,189.867605833,28.232083611
2014-02-01 00:00:00,27.977039444,700.427770278,207.765973611,35.275760000,99.700930556,190.404870000,700.427770278,0.103289722,27.873749722,-178.082160278,438537990179.000020000,2741615287433.999700000,2737973097297.999800000,207.236151944,34.231968056,99.129889722,189.867605833,28.232083611
2014-01-31 00:00:00,27.977039444,700.427770278,207.765973611,35.275760000,99.700930556,190.404870000,700.427770278,0.103289722,27.873749722,-178.082160278,438537985859.000020000,2741615244233.999800000,2737973090098.000100000,207.236151944,34.231968056,99.129889722,189.867605833,28.232083611
2014-01-30 00:00:00,27.977039444,700.427770278,207.765973611,35.275760000,99.700930556,190.404870000,700.427770278,0.103289722,27.873749722,-178.082160278,438537981539.000030000,2741615201033.999900000,2737973082897.999800000,207.236151944,34.231968056,99.129889722,189.867605833,28.232083611
2014-01-29 00:00:00,27.977039444,700.427770278,207.765973611,35.275760000,99.700930556,190.404870000,700.427770278,0.103289722,27.873749722,-178.082160278,438537977218.999980000,2741615157833.999900000,2737973075698.000100000,207.236151944,34.231968056,99.129889722,189.867605833,28.232083611
2014-01-28 00:00:00,27.977039444,700.427770278,207.765973611,35.275760000,99.700930556,190.404870000,700.427770278,0.103289722,27.873749722,-178.082160278,438537972898.999980000,2741615114634.000000000,2737973068497.999900000,207.236151944,34.231968056,99.129889722,189.867605833,28.232083611
2014-01-27 00:00:00,27.977039444,700.427770278,207.765973611,35.275760000,99.700930556,190.404870000,700.427770278,0.103289722,27.873749722,-178.082160278,438537968578.999990000,2741615071434.000100000,2737973061298.000200000,207.236151944,34.231968056,99.129889722,189.867605833,28.232083611
2014-01-26 00:00:00,27.977039444,700.427770278,207.765973611,35.275760000,99.700930556,190.404870000,700.427770278,0.103289722,27.873749722,-178.082160278,438537964259.000000000,2741615028234.000200000,2737973054097.999900000,207.236151944,34.231968056,99.129889722,189.867605833,28.232083611
2014-01-25 00:00:00,27.977039444,700.427770278,207.765973611,35.275760000,99.700930556,190.404870000,700.427770278,0.103289722,27.873749722,-178.082160278,438537959939.000010000,2741614985034.000200000,2737973046898.000200000,207.236151944,34.231968056,99.129889722,189.867605833,28.232083611
2014-01-24 00:00:00,27.977039444,700.427770278,207.765973611,35.275760000,99.700930556,190.404870000,700.427770278,0.103289722,27.873749722,-178.082160278,438537955618.999950000,2741614941833.999700000,2737973039697.999900000,207.236151944,34.231968056,99.129889722,189.867605833,28.232083611
2014-01-23 00:00:00,27.977039444,700.427770278,207.765973611,35.275760000,99.700930556,190.404870000,700.427770278,0.103289722,27.873749722,-178.082160278,438537951298.999960000,2741614898633.999800000,2737973032498.000200000,207.236151944,34.231968056,99.129889722,189.867605833,28.232083611
2014-01-22 00:00:00,27.977039444,700.427770278,207.765973611,35.275760000,99.700930556,190.404870000,700.427770278,0.103289722,27.873749722,-178.082160278,438537946978.999970000,2741614855433.999800000,2737973025297.999900000,207.236151944,34.231968056,99.129889722,189.867605833,28.232083611
2014-01-21 00:00:00,27.977039444,700.427770278,207.765973611,35.275760000,99.700930556,190.404870000,700.427770278,0.103289722,27.873749722,-178.082160278,438537942659.000030000,2741614812233.999900000,2737973018098.000200000,207.236151944,34.231968056,99.129889722,189.867605833,28.232083611
2014-01-20 00:00:00,27.977039444,700.427770278,207.765973611,35.275760000,99.700930556,190.404870000,700.427770278,0.103289722,27.873749722,-178.082160278,438537938339.000040000,2741614769034.000000000,2737973010898.000000000,207.236151944,34.231968056,99.129889722,189.867605833,28.232083611
2014-01-19 00:00:00,27.977039444,700.427770278,207.765973611,35.275760000,99.700930556,190.404870000,700.427770278,0.103289722,27.873749722,-178.082160278,438537934018.999930000,2741614725834.000100000,2737973003697.999700000,207.236151944,34.231968056,99.129889722,189.867605833,28.232083611
2014-01-18 00:00:00,27.977039444,700.427770278,207.765973611,35.275760000,99.700930556,190.404870000,700.427770278,0.103289722,27.873749722,-178.082160278,438537929699.000000000,2741614682634.000100000,2737972996498.000000000,207.236151944,34.231968056,99.129889722,189.867605833,28.232083611
2014-01-17 00:00:00,27.977039444,700.427770278,207.765973611,35.275760000,99.700930556,190.404870000,700.427770278,0.103289722,27.873749722,-178.082160278,438537925379.000000000,2741614639434.000200000,2737972989297.999700000,207.236151944,34.231968056,99.129889722,189.867605833,28.232083611
2014-01-16 00:00:00,27.977039444,700.427770278,207.765973611,35.275760000,99.700930556,190.404870000,700.427770278,0.103289722,27.873749722,-178.082160278,438537921059.000010000,2741614596233.999700000,2737972982098.000000000,207.236151944,34.231968056,99.129889722,189.867605833,28.232083611
2014-01-15 00:00:00,27.977039444,700.427770278,207.765973611,35.275760000,99.700930556,190.404870000,700.427770278,0.103289722,27.873749722,-178.082160278,438537916739.000020000,2741614553033.999800000,2737972974897.999700000,207.236151944,34.231968056,99.129889722,189.867605833,28.232083611
2014-01-14 00:00:00,27.977039444,700.427770278,207.765973611,35.275760000,99.700930556,190.404870000,700.427770278,0.103289722,27.873749722,-178.082160278,438537912418.999960000,2741614509833.999800000,2737972967698.000000000,207.236151944,34.231968056,99.129889722,189.867605833,28.232083611
2014-01-13 00:00:00,27.977039444,700.427770278,207.765973611,35.275760000,99.700930556,190.404870000,700.427770278,0.103289722,27.873749722,-178.082160278,438537908098.999970000,2741614466633.999900000,2737972960497.999700000,207.236151944,34.231968056,99.129889722,189.867605833,28.232083611
2014-01-12 00:00:00,27.977039444,700.427770278,207.765973611,35.275760000,99.700930556,190.404870000,700.427770278,0.103289722,27.873749722,-178.082160278,438537903778.999980000,2741614423434.000000000,2737972953298.000000000,207.236151944,34.231968056,99.129889722,189.867605833,28.232083611
2014-01-11 00:00:00,27.977039444,700.427770278,207.765973611,35.275760000,99.700930556,190.404870000,700.427770278,0.103289722,27.873749722,-178.082160278,438537899458.999990000,2741614380234.000000000,2737972946097.999800000,207.236151944,34.231968056,99.129889722,189.867605833,28.232083611
2014-01-10 00:00:00,27.977039444,700.427770278,207.765973611,35.275760000,99.700930556,190.404870000,700.427770278,0.103289722,27.873749722,-178.082160278,438537895139.000050000,2741614337034.000100000,2737972938898.000100000,207.236151944,34.231968056,99.129889722,189.867605833,28.232083611
2014-01-09 00:00:00,27.977039444,700.427770278,207.765973611,35.275760000,99.700930556,190.404870000,700.427770278,0.103289722,27.873749722,-178.082160278,438537890818.999940000,2741614293834.000200000,2737972931697.999800000,207.236151944,34.231968056,99.129889722,189.867605833,28.232083611
2014-01-08 00:00:00,27.977039444,700.427770278,207.765973611,35.275760000,99.700930556,190.404870000,700.427770278,0.103289722,27.873749722,-178.082160278,438537886498.999950000,2741614250633.999700000,2737972924498.000100000,207.236151944,34.231968056,99.129889722,189.867605833,28.232083611
2014-01-07 00:00:00,27.977039444,700.427770278,207.765973611,35.275760000,99.700930556,190.404870000,700.427770278,0.103289722,27.873749722,-178.082160278,438537882179.000020000,2741614207433.999700000,2737972917297.999800000,207.236151944,34.231968056,99.129889722,189.867605833,28.232083611
2014-01-06 00:00:00,27.977039444,700.427770278,207.765973611,35.275760000,99.700930556,190.404870000,700.427770278,0.103289722,27.873749722,-178.082160278,438537877859.000020000,2741614164233.999800000,2737972910098.000100000,207.236151944,34.231968056,99.129889722,189.867605833,28.232083611
2014-01-05 00:00:00,27.977039444,700.427770278,207.765973611,35.275760000,99.700930556,190.404870000,700.427770278,0.103289722,27.873749722,-178.082160278,438537873539.000030000,2741614121033.999900000,2737972902897.999800000,207.236151944,34.231968056,99.129889722,189.867605833,28.232083611
2014-01-04 00:00:00,27.977039444,700.427770278,207.765973611,35.275760000,99.700930556,190.404870000,700.427770278,0.103289722,27.873749722,-178.082160278,438537869218.999980000,2741614077833.999900000,2737972895698.000100000,207.236151944,34.231968056,99.129889722,189.867605833,28.232083611
2014-01-03 00:00:00,27.977039444,700.427770278,207.765973611,35.275760000,99.700930556,190.404870000,700.427770278,0.103289722,27.873749722,-178.082160278,438537864898.999980000,2741614034634.000000000,2737972888497.999900000,207.236151944,34.231968056,99.129889722,189.867605833,28.232083611
2014-01-02 00:00:00,27.977039444,700.427770278,207.765973611,35.275760000,99.700930556,190.404870000,700.427770278,0.103289722,27.873749722,-178.082160278,438537860578.999990000,2741613991434.000100000,2737972881298.000200000,207.236151944,34.231968056,99.129889722,189.867605833,28.232083611
2014-01-01 00:00:00,27.977039444,700.427770278,207.765973611,35.275760000,99.700930556,190.404870000,700.427770278,0.103289722,27.873749722,-178.082160278,438537856259.000000000,2741613948234.000200000,2737972874097.999900000,207.236151944,34.231968056,99.129889722,189.867605833,28.232083611
